;shortname;fullname;category
0;automatizacaoPTFE;AUTOMATIZACAO;6622
1;EEEMMATAFRIA_1ªN01-EM_EO_INEP32080727_842_2024;ESTUDO ORIENTADO;6622
2;EEEMMATAFRIA_1ªN01-EM_PROINPAC_INEP32080727_842_2024;;6622
3;EEEMMATAFRIA_1ªN01-EM_PV_INEP32080727_842_2024;PROJETO DE VIDA;6622
4;EEEMMATAFRIA_2ªN01-EM-MID_PROINPAC_INEP32080727_1483_2024;;6622
5;EEEMMATAFRIA_3ªN01-EM-ENE_PROINPAC_INEP32080727_2115_2024;;6622
6;EEEFMPROFALDYSOARESMERCONVARGAS_1ªN01-EJA-EM_1ª ETAPA_PIPAT_INEP32028059_1964_2024/1;PROJETO INTEGRADOR DE PESQUISA E ARTICULAÇÃO COM O TERRITÓRIO;6622
7;EEEFMPROFALDYSOARESMERCONVARGAS_2ªN01-EJA-EM_2ª ETAPA_PIPAT_INEP32028059_2562_2024/1;PROJETO INTEGRADOR DE PESQUISA E ARTICULAÇÃO COM O TERRITÓRIO;6622
8;EEEFMPROFALDYSOARESMERCONVARGAS_3ªN01-EJA-EM_3ª ETAPA_PIPAT_INEP32028059_5752_2024/1;PROJETO INTEGRADOR DE PESQUISA E ARTICULAÇÃO COM O TERRITÓRIO;6622
9;EEEFMGRACAARANHA_1ªN01-EM_EO_INEP32032277_515_2024;ESTUDO ORIENTADO;6622
10;EEEFMGRACAARANHA_1ªN01-EM_PROINPAC_INEP32032277_515_2024;;6622
11;EEEFMGRACAARANHA_1ªN01-EM_PV_INEP32032277_515_2024;PROJETO DE VIDA;6622
12;EEEFMGRACAARANHA_2ªN01-EM-TVC_PROINPAC_INEP32032277_1140_2024;;6622
13;EEEFMGRACAARANHA_3ªN01-EM-MID_PROINPAC_INEP32032277_6683_2024;;6622
14;EEEFMFIORAVANTECALIMAN_1ªN01-EJA-EM_1ª ETAPA_PIPAT_INEP32030177_2916_2024/1;PROJETO INTEGRADOR DE PESQUISA E ARTICULAÇÃO COM O TERRITÓRIO;6622
15;EEEFMFIORAVANTECALIMAN_2ªN01-EJA-EM_2ª ETAPA_PIPAT_INEP32030177_3470_2024/1;PROJETO INTEGRADOR DE PESQUISA E ARTICULAÇÃO COM O TERRITÓRIO;6622
16;EEEFMFIORAVANTECALIMAN_3ªN01-EJA-EM_3ª ETAPA_PIPAT_INEP32030177_4000_2024/1;PROJETO INTEGRADOR DE PESQUISA E ARTICULAÇÃO COM O TERRITÓRIO;6622
17;EEEFMFIORAVANTECALIMAN_8ªN01-EJA-EF_8ª ETAPA_PIPAT_INEP32030177_2348_2024/1;PROJETO INTEGRADOR DE PESQUISA E ARTICULAÇÃO COM O TERRITÓRIO;6622
18;EEEFMGOVERNADORLINDENBERG_1ªN01EJA-EM_1ª ETAPA_PIPAT_INEP32000979_7200_2024/1;PROJETO INTEGRADOR DE PESQUISA E ARTICULAÇÃO COM O TERRITÓRIO;6622
19;EEEFMGOVERNADORLINDENBERG_2ªN01EJA-EM_2ª ETAPA_PIPAT_INEP32000979_7199_2024/1;PROJETO INTEGRADOR DE PESQUISA E ARTICULAÇÃO COM O TERRITÓRIO;6622
20;EEEFMGOVERNADORLINDENBERG_3ªN01EJA-EM_3ª ETAPA_PIPAT_INEP32000979_7198_2024/1;PROJETO INTEGRADOR DE PESQUISA E ARTICULAÇÃO COM O TERRITÓRIO;6622
21;EEEFMPROFASCENDINAFEITOSA_3ªN01-EJA-EM_3ª ETAPA_PIPAT_INEP32001916_3647_2024/1;PROJETO INTEGRADOR DE PESQUISA E ARTICULAÇÃO COM O TERRITÓRIO;6622
22;EEEFMECOPORANGA_1ªN01-EJA-EM_1ª ETAPA_PIPAT_INEP32003005_5627_2024/1;PROJETO INTEGRADOR DE PESQUISA E ARTICULAÇÃO COM O TERRITÓRIO;6622
23;EEEFMECOPORANGA_2ªN01-EJA-EM_2ª ETAPA_PIPAT_INEP32003005_5910_2024/1;PROJETO INTEGRADOR DE PESQUISA E ARTICULAÇÃO COM O TERRITÓRIO;6622
24;EEEFMECOPORANGA_3ªN01-EJA-EM_3ª ETAPA_PIPAT_INEP32003005_6152_2024/1;PROJETO INTEGRADOR DE PESQUISA E ARTICULAÇÃO COM O TERRITÓRIO;6622
25;EEEFMFERNANDODEABREU_1ªN01-EJA-EM_1ª ETAPA_PIPAT_INEP32051328_4474_2024/1;PROJETO INTEGRADOR DE PESQUISA E ARTICULAÇÃO COM O TERRITÓRIO;6622
26;EEEFMFERNANDODEABREU_2ªN01-EJA-EM_2ª ETAPA_PIPAT_INEP32051328_4907_2024/1;PROJETO INTEGRADOR DE PESQUISA E ARTICULAÇÃO COM O TERRITÓRIO;6622
27;EEEFMFERNANDODEABREU_3ªN01-EJA-EM_3ª ETAPA_PIPAT_INEP32051328_5302_2024/1;PROJETO INTEGRADOR DE PESQUISA E ARTICULAÇÃO COM O TERRITÓRIO;6622
28;EEEFMBERNARDINOMONTEIRO_1ªN01-EJA-EM_1ª ETAPA_PIPAT_INEP32052235_5170_2024/1;PROJETO INTEGRADOR DE PESQUISA E ARTICULAÇÃO COM O TERRITÓRIO;6622
29;EEEFMBERNARDINOMONTEIRO_2ªN01-EJA-EM_2ª ETAPA_PIPAT_INEP32052235_6773_2024/1;PROJETO INTEGRADOR DE PESQUISA E ARTICULAÇÃO COM O TERRITÓRIO;6622
30;EEEFMBERNARDINOMONTEIRO_3ªN01-EJA-EM_3ª ETAPA_PIPAT_INEP32052235_6856_2024/1;PROJETO INTEGRADOR DE PESQUISA E ARTICULAÇÃO COM O TERRITÓRIO;6622
31;EEEFMLIONSSEBASTIAOPAIVAVIDAURRE_1ªN01-EJA-EM_1ª ETAPA_PIPAT_INEP32052405_2446_2024/1;PROJETO INTEGRADOR DE PESQUISA E ARTICULAÇÃO COM O TERRITÓRIO;6622
32;EEEFMLIONSSEBASTIAOPAIVAVIDAURRE_2ªN01EJA-EM_2ª ETAPA_PIPAT_INEP32052405_3016_2024/1;PROJETO INTEGRADOR DE PESQUISA E ARTICULAÇÃO COM O TERRITÓRIO;6622
33;EEEFMLIONSSEBASTIAOPAIVAVIDAURRE_3ªN01EJA-EM_3ª ETAPA_PIPAT_INEP32052405_3567_2024/1;PROJETO INTEGRADOR DE PESQUISA E ARTICULAÇÃO COM O TERRITÓRIO;6622
34;EEEFMPRESIDENTEGETULIOVARGAS_3ªN01-EJA-EM_3ª ETAPA_PIPAT_INEP32052529_2522_2024/1;PROJETO INTEGRADOR DE PESQUISA E ARTICULAÇÃO COM O TERRITÓRIO;6622
35;EEEFMPROFHOSANASALLES_1ªN01-EJA-EMI-ALG_1ª ETAPA_PIPAT_INEP32052618_3113_2024/1;PROJETO INTEGRADOR DE PESQUISA E ARTICULAÇÃO COM O TERRITÓRIO;6622
36;EEEFMPROFHOSANASALLES_2ªN01-EJA-EMI-ALG_2ª ETAPA_PIPAT_INEP32052618_3660_2024/1;PROJETO INTEGRADOR DE PESQUISA E ARTICULAÇÃO COM O TERRITÓRIO;6622
37;EEEFMPROFHOSANASALLES_3ªN01-EJA-EMI-ALG_3ª ETAPA_PIPAT_INEP32052618_6007_2024/1;PROJETO INTEGRADOR DE PESQUISA E ARTICULAÇÃO COM O TERRITÓRIO;6622
38;EEEFMPROFPETRONILHAVIDIGAL_1ªN01-EJA-EM_1ª ETAPA_PIPAT_INEP32052847_6014_2024/1;PROJETO INTEGRADOR DE PESQUISA E ARTICULAÇÃO COM O TERRITÓRIO;6622
39;EEEFMPROFPETRONILHAVIDIGAL_2ªN01-EJA-EM_2ª ETAPA_PIPAT_INEP32052847_6226_2024/1;PROJETO INTEGRADOR DE PESQUISA E ARTICULAÇÃO COM O TERRITÓRIO;6622
40;EEEFMPROFPETRONILHAVIDIGAL_3ªN01-EJA-EM_3ª ETAPA_PIPAT_INEP32052847_6693_2024/1;PROJETO INTEGRADOR DE PESQUISA E ARTICULAÇÃO COM O TERRITÓRIO;6622
41;EEEFMPROFESSORAINAHWERNECK_1ªN01-EJA-EM_1ª ETAPA_PIPAT_INEP32052340_3153_2024/1;PROJETO INTEGRADOR DE PESQUISA E ARTICULAÇÃO COM O TERRITÓRIO;6622
42;EEEFMPROFESSORAINAHWERNECK_2ªN01-EJA-EM_2ª ETAPA_PIPAT_INEP32052340_4207_2024/1;PROJETO INTEGRADOR DE PESQUISA E ARTICULAÇÃO COM O TERRITÓRIO;6622
43;EEEFMPROFESSORAINAHWERNECK_3ªN01-EJA-EM_3ª ETAPA_PIPAT_INEP32052340_5076_2024/1;PROJETO INTEGRADOR DE PESQUISA E ARTICULAÇÃO COM O TERRITÓRIO;6622
44;EEEFMPROFESSORAINAHWERNECK_3ªN02-EJA-EM_3ª ETAPA_PIPAT_INEP32052340_5445_2024/1;PROJETO INTEGRADOR DE PESQUISA E ARTICULAÇÃO COM O TERRITÓRIO;6622
45;EEEFMPROFESSORAINAHWERNECK_7ªN01-EJA-EF_7ª ETAPA_PIPAT_INEP32052340_1358_2024/1;PROJETO INTEGRADOR DE PESQUISA E ARTICULAÇÃO COM O TERRITÓRIO;6622
46;EEEFMPROFESSORAINAHWERNECK_8ªN01-EJA-EF_8ª ETAPA_PIPAT_INEP32052340_1987_2024/1;PROJETO INTEGRADOR DE PESQUISA E ARTICULAÇÃO COM O TERRITÓRIO;6622
47;EEEFMQUINTILIANODEAZEVEDO_1ªN01-EJA-EM_1ª ETAPA_PIPAT_INEP32052634_3710_2024/1;PROJETO INTEGRADOR DE PESQUISA E ARTICULAÇÃO COM O TERRITÓRIO;6622
48;EEEFMQUINTILIANODEAZEVEDO_2ªN01-EJA-EM_2ª ETAPA_PIPAT_INEP32052634_4678_2024/1;PROJETO INTEGRADOR DE PESQUISA E ARTICULAÇÃO COM O TERRITÓRIO;6622
49;EEEFMQUINTILIANODEAZEVEDO_3ªN01-EJA-EM_3ª ETAPA_PIPAT_INEP32052634_5768_2024/1;PROJETO INTEGRADOR DE PESQUISA E ARTICULAÇÃO COM O TERRITÓRIO;6622
50;EEEFMQUINTILIANODEAZEVEDO_5ªN01-EJA-EF_5ª ETAPA_PIPAT_INEP32052634_731_2024/1;PROJETO INTEGRADOR DE PESQUISA E ARTICULAÇÃO COM O TERRITÓRIO;6622
51;EEEFMQUINTILIANODEAZEVEDO_6ªN01-EJA-EF_6ª ETAPA_PIPAT_INEP32052634_2594_2024/1;PROJETO INTEGRADOR DE PESQUISA E ARTICULAÇÃO COM O TERRITÓRIO;6622
52;EEEFMQUINTILIANODEAZEVEDO_7ªN01-EJA-EF_7ª ETAPA_PIPAT_INEP32052634_1996_2024/1;PROJETO INTEGRADOR DE PESQUISA E ARTICULAÇÃO COM O TERRITÓRIO;6622
53;EEEFMQUINTILIANODEAZEVEDO_8ªN01-EJA-EF_8ª ETAPA_PIPAT_INEP32052634_1367_2024/1;PROJETO INTEGRADOR DE PESQUISA E ARTICULAÇÃO COM O TERRITÓRIO;6622
54;EEEFMZACHEUMOREIRADAFRAGA_1ªN1EPOUT_1ª ETAPA_PIPAT_INEP32053860_2065_2024/1;PROJETO INTEGRADOR DE PESQUISA E ARTICULAÇÃO COM O TERRITÓRIO;6622
55;EEEFMZACHEUMOREIRADAFRAGA_2ªN1EPOUT_2ª ETAPA_PIPAT_INEP32053860_2659_2024/1;PROJETO INTEGRADOR DE PESQUISA E ARTICULAÇÃO COM O TERRITÓRIO;6622
56;EEEFMZACHEUMOREIRADAFRAGA_3ªN1EPOUT_3ª ETAPA_PIPAT_INEP32053860_3223_2024/1;PROJETO INTEGRADOR DE PESQUISA E ARTICULAÇÃO COM O TERRITÓRIO;6622
57;EEEFMZACHEUMOREIRADAFRAGA_4ªN1EPOUT_4ª ETAPA_PIPAT_INEP32053860_3772_2024/1;PROJETO INTEGRADOR DE PESQUISA E ARTICULAÇÃO COM O TERRITÓRIO;6622
58;EEEMCEIATTILADEALMEIDAMIRANDA_3ªV01-EJA-EM_3ª ETAPA_PVI1_INEP32052103_6707_2024/1;PRÁTICAS E VIVÊNCIAS INTEGRADORAS I;6622
59;EEEMCEIATTILADEALMEIDAMIRANDA_3ªV01-EJA-EM_3ª ETAPA_PVI2_INEP32052103_6707_2024/1;PRÁTICAS E VIVÊNCIAS INTEGRADORAS II;6622
60;EEEFMJOAOBLEY_1ªN01-EJA-EM_1ª ETAPA_PIPAT_INEP32054092_6618_2024/1;PROJETO INTEGRADOR DE PESQUISA E ARTICULAÇÃO COM O TERRITÓRIO;6622
61;EEEFMJOAOBLEY_2ªN01-EJA-EM_2ª ETAPA_PIPAT_INEP32054092_6822_2024/1;PROJETO INTEGRADOR DE PESQUISA E ARTICULAÇÃO COM O TERRITÓRIO;6622
62;EEEFMJOAOBLEY_3ªN01-EJA-EM_3ª ETAPA_PIPAT_INEP32054092_6688_2024/1;PROJETO INTEGRADOR DE PESQUISA E ARTICULAÇÃO COM O TERRITÓRIO;6622
63;EEEFMJOAOBLEY_7ªN01EJA-EF_7ª ETAPA_PIPAT_INEP32054092_6728_2024/1;PROJETO INTEGRADOR DE PESQUISA E ARTICULAÇÃO COM O TERRITÓRIO;6622
64;EEEFMJOAOBLEY_8ªN01EJA-EF_8ª ETAPA_PIPAT_INEP32054092_6758_2024/1;PROJETO INTEGRADOR DE PESQUISA E ARTICULAÇÃO COM O TERRITÓRIO;6622
65;CEEFMTIWASHINGTONPINHEIROMEIRELLES_1ªN01-EJA-EM_1ª ETAPA_PIPAT_INEP32059965_3316_2024/1;PROJETO INTEGRADOR DE PESQUISA E ARTICULAÇÃO COM O TERRITÓRIO;6622
66;CEEFMTIWASHINGTONPINHEIROMEIRELLES_1ªN02-EJA-EM_1ª ETAPA_PIPAT_INEP32059965_3864_2024/1;PROJETO INTEGRADOR DE PESQUISA E ARTICULAÇÃO COM O TERRITÓRIO;6622
67;CEEFMTIWASHINGTONPINHEIROMEIRELLES_2ªN01-EJA-EM_2ª ETAPA_PIPAT_INEP32059965_4348_2024/1;PROJETO INTEGRADOR DE PESQUISA E ARTICULAÇÃO COM O TERRITÓRIO;6622
68;CEEFMTIWASHINGTONPINHEIROMEIRELLES_3ªN01-EJA-EM_3ª ETAPA_PIPAT_INEP32059965_1541_2024/1;PROJETO INTEGRADOR DE PESQUISA E ARTICULAÇÃO COM O TERRITÓRIO;6622
69;EEEFMANTONIOJACQUESSOARES_1ªN01-EJA-EM_1ª ETAPA_PIPAT_INEP32060696_1016_2024/1;PROJETO INTEGRADOR DE PESQUISA E ARTICULAÇÃO COM O TERRITÓRIO;6622
70;EEEFMANTONIOJACQUESSOARES_2ªN01-EJA-EM_2ª ETAPA_PIPAT_INEP32060696_1638_2024/1;PROJETO INTEGRADOR DE PESQUISA E ARTICULAÇÃO COM O TERRITÓRIO;6622
71;EEEFMANTONIOJACQUESSOARES_3ªN01-EJA-EM_3ª ETAPA_PIPAT_INEP32060696_2262_2024/1;PROJETO INTEGRADOR DE PESQUISA E ARTICULAÇÃO COM O TERRITÓRIO;6622
72;EEEFMLEOPOLDINOROCHA_1ªN01-EJA-EM_1ª ETAPA_PIPAT_INEP32059906_586_2024/1;PROJETO INTEGRADOR DE PESQUISA E ARTICULAÇÃO COM O TERRITÓRIO;6622
73;EEEFMLEOPOLDINOROCHA_2ªN01-EJA-EM_2ª ETAPA_PIPAT_INEP32059906_1217_2024/1;PROJETO INTEGRADOR DE PESQUISA E ARTICULAÇÃO COM O TERRITÓRIO;6622
74;EEEFMLEOPOLDINOROCHA_3ªN01-EJA-EM_3ª ETAPA_PIPAT_INEP32059906_1835_2024/1;PROJETO INTEGRADOR DE PESQUISA E ARTICULAÇÃO COM O TERRITÓRIO;6622
75;EEEFMJERONIMOMONTEIRO_1ªN01-EJA-EM_1ª ETAPA_PIPAT_INEP32055510_2406_2024/1;PROJETO INTEGRADOR DE PESQUISA E ARTICULAÇÃO COM O TERRITÓRIO;6622
76;EEEFMJERONIMOMONTEIRO_2ªN01-EJA-EM_2ª ETAPA_PIPAT_INEP32055510_2972_2024/1;PROJETO INTEGRADOR DE PESQUISA E ARTICULAÇÃO COM O TERRITÓRIO;6622
77;EEEFMJERONIMOMONTEIRO_3ªN01-EJA-EM_3ª ETAPA_PIPAT_INEP32055510_3526_2024/1;PROJETO INTEGRADOR DE PESQUISA E ARTICULAÇÃO COM O TERRITÓRIO;6622
78;EEEFMDOMINGOSJOSEMARTINS_1ªN01-EJA-EM_1ª ETAPA_PIPAT_INEP32059850_449_2024/1;PROJETO INTEGRADOR DE PESQUISA E ARTICULAÇÃO COM O TERRITÓRIO;6622
79;EEEFMDOMINGOSJOSEMARTINS_1ªN02-EJA-EM_1ª ETAPA_PIPAT_INEP32059850_1075_2024/1;PROJETO INTEGRADOR DE PESQUISA E ARTICULAÇÃO COM O TERRITÓRIO;6622
80;EEEFMDOMINGOSJOSEMARTINS_2ªN01-EJA-EM_2ª ETAPA_PIPAT_INEP32059850_2887_2024/1;PROJETO INTEGRADOR DE PESQUISA E ARTICULAÇÃO COM O TERRITÓRIO;6622
81;EEEFMDOMINGOSJOSEMARTINS_2ªN02-EJA-EM_2ª ETAPA_PIPAT_INEP32059850_3441_2024/1;PROJETO INTEGRADOR DE PESQUISA E ARTICULAÇÃO COM O TERRITÓRIO;6622
82;EEEFMDOMINGOSJOSEMARTINS_3ªN01EJA-EM_3ª ETAPA_PIPAT_INEP32059850_3975_2024/1;PROJETO INTEGRADOR DE PESQUISA E ARTICULAÇÃO COM O TERRITÓRIO;6622
83;EEEFMDOMINGOSJOSEMARTINS_3ªN02-EJA-EM_3ª ETAPA_PIPAT_INEP32059850_6145_2024/1;PROJETO INTEGRADOR DE PESQUISA E ARTICULAÇÃO COM O TERRITÓRIO;6622
84;EEEFMMONSENHORELIASTOMASI_1ªN01-EJA-EM_1ª ETAPA_PIPAT_INEP32055838_5385_2024/1;PROJETO INTEGRADOR DE PESQUISA E ARTICULAÇÃO COM O TERRITÓRIO;6622
85;EEEFMMONSENHORELIASTOMASI_1ªN02-EJA-EM_1ª ETAPA_PIPAT_INEP32055838_5703_2024/1;PROJETO INTEGRADOR DE PESQUISA E ARTICULAÇÃO COM O TERRITÓRIO;6622
86;EEEFMMONSENHORELIASTOMASI_2ªN01-EJA-EM_2ª ETAPA_PIPAT_INEP32055838_5982_2024/1;PROJETO INTEGRADOR DE PESQUISA E ARTICULAÇÃO COM O TERRITÓRIO;6622
87;EEEFMMONSENHORELIASTOMASI_2ªN02-EJA-EM_2ª ETAPA_PIPAT_INEP32055838_6207_2024/1;PROJETO INTEGRADOR DE PESQUISA E ARTICULAÇÃO COM O TERRITÓRIO;6622
88;EEEFMMONSENHORELIASTOMASI_3ªN01-EJA-EM_3ª ETAPA_PIPAT_INEP32055838_6389_2024/1;PROJETO INTEGRADOR DE PESQUISA E ARTICULAÇÃO COM O TERRITÓRIO;6622
89;EEEFMMONSENHORELIASTOMASI_3ªN02-EJA-EM_3ª ETAPA_PIPAT_INEP32055838_6529_2024/1;PROJETO INTEGRADOR DE PESQUISA E ARTICULAÇÃO COM O TERRITÓRIO;6622
90;EEEFMMONSENHORELIASTOMASI_5ªN01-EJA-EF_5ª ETAPA_PIPAT_INEP32055838_1258_2024/1;PROJETO INTEGRADOR DE PESQUISA E ARTICULAÇÃO COM O TERRITÓRIO;6622
91;EEEFMMONSENHORELIASTOMASI_6ªN01-EJA-EF_6ª ETAPA_PIPAT_INEP32055838_1881_2024/1;PROJETO INTEGRADOR DE PESQUISA E ARTICULAÇÃO COM O TERRITÓRIO;6622
92;EEEFMMONSENHORELIASTOMASI_7ªN01-EJA-EF_7ª ETAPA_PIPAT_INEP32055838_2482_2024/1;PROJETO INTEGRADOR DE PESQUISA E ARTICULAÇÃO COM O TERRITÓRIO;6622
93;EEEFMMONSENHORELIASTOMASI_8ªN01-EJA-EF_8ª ETAPA_PIPAT_INEP32055838_5005_2024/1;PROJETO INTEGRADOR DE PESQUISA E ARTICULAÇÃO COM O TERRITÓRIO;6622
94;CEEFMTISENADORDIRCEUCARDOSO_1ªN01-EJA-EP-AAD_1ª ETAPA_PIPAT_INEP32057504_3315_2024/1;PROJETO INTEGRADOR DE PESQUISA E ARTICULAÇÃO COM O TERRITÓRIO;6622
95;CEEFMTISENADORDIRCEUCARDOSO_1ªN02-EJA-EP-ADC_1ª ETAPA_PIPAT_INEP32057504_7208_2024/1;PROJETO INTEGRADOR DE PESQUISA E ARTICULAÇÃO COM O TERRITÓRIO;6622
96;EEEFMMARCONDESDESOUZA_1ªN01-EJA-EM_1ª ETAPA_PIPAT_INEP32057474_3882_2024/1;PROJETO INTEGRADOR DE PESQUISA E ARTICULAÇÃO COM O TERRITÓRIO;6622
97;EEEFMMARCONDESDESOUZA_2ªN01-EJA-EM_2ª ETAPA_PIPAT_INEP32057474_4364_2024/1;PROJETO INTEGRADOR DE PESQUISA E ARTICULAÇÃO COM O TERRITÓRIO;6622
98;EEEFMMARCONDESDESOUZA_3ªN01-EJA-EM_3ª ETAPA_PIPAT_INEP32057474_4815_2024/1;PROJETO INTEGRADOR DE PESQUISA E ARTICULAÇÃO COM O TERRITÓRIO;6622
99;EEEFMMARCONDESDESOUZA_5ªN01-EJA-EF_5ª ETAPA_PIPAT_INEP32057474_957_2024/1;PROJETO INTEGRADOR DE PESQUISA E ARTICULAÇÃO COM O TERRITÓRIO;6622
100;EEEFMMARCONDESDESOUZA_6ªN01-EJA-EF_6ª ETAPA_PIPAT_INEP32057474_1577_2024/1;PROJETO INTEGRADOR DE PESQUISA E ARTICULAÇÃO COM O TERRITÓRIO;6622
101;EEEFMMARCONDESDESOUZA_7ªN01-EJA-EF_7ª ETAPA_PIPAT_INEP32057474_2202_2024/1;PROJETO INTEGRADOR DE PESQUISA E ARTICULAÇÃO COM O TERRITÓRIO;6622
102;EEEFMMARCONDESDESOUZA_8ªN01-EJA-EF_8ª ETAPA_PIPAT_INEP32057474_2780_2024/1;PROJETO INTEGRADOR DE PESQUISA E ARTICULAÇÃO COM O TERRITÓRIO;6622
103;EEEFMPRESIDENTEKENNEDY_1ªN01-EJA-EM_1ª ETAPA_PIPAT_INEP32060920_2524_2024/1;PROJETO INTEGRADOR DE PESQUISA E ARTICULAÇÃO COM O TERRITÓRIO;6622
104;EEEFMPRESIDENTEKENNEDY_2ªN01-EJA-EM_2ª ETAPA_PIPAT_INEP32060920_1926_2024/1;PROJETO INTEGRADOR DE PESQUISA E ARTICULAÇÃO COM O TERRITÓRIO;6622
105;EEEFMPRESIDENTEKENNEDY_3ªN01-EJA-EM_3ª ETAPA_PIPAT_INEP32060920_1303_2024/1;PROJETO INTEGRADOR DE PESQUISA E ARTICULAÇÃO COM O TERRITÓRIO;6622
106;EEEFMWALDEMIROHEMERLY_1ªN01-EM_EO_INEP32044950_2058_2024;ESTUDO ORIENTADO;6622
107;EEEFMWALDEMIROHEMERLY_1ªN01-EM_PROINPAC_INEP32044950_2058_2024;;6622
108;EEEFMWALDEMIROHEMERLY_1ªN01-EM_PV_INEP32044950_2058_2024;PROJETO DE VIDA;6622
109;EEEFMWALDEMIROHEMERLY_2ªN01-EM_PROINPAC_INEP32044950_2654_2024;;6622
110;EEEFMWALDEMIROHEMERLY_3ªN01-EM_PROINPAC_INEP32044950_3218_2024;;6622
111;EEEFMAGOSTINHOAGRIZZI_2ªN01-EJA-EP-ARH_2ª ETAPA_PIPAT_INEP32059310_4375_2024/1;PROJETO INTEGRADOR DE PESQUISA E ARTICULAÇÃO COM O TERRITÓRIO;6622
112;EEEFMAGOSTINHOAGRIZZI_3ªN01-EJA-EP-ARH_3ª ETAPA_PIPAT_INEP32059310_3355_2024/1;PROJETO INTEGRADOR DE PESQUISA E ARTICULAÇÃO COM O TERRITÓRIO;6622
113;EEEFMGUILHERMEMILANEZE_1ªN01EJA-EM_1ª ETAPA_PIPAT_INEP32078170_1761_2024/1;PROJETO INTEGRADOR DE PESQUISA E ARTICULAÇÃO COM O TERRITÓRIO;6622
114;EEEFMGUILHERMEMILANEZE_2ªN01EJA-EM_2ª ETAPA_PIPAT_INEP32078170_2380_2024/1;PROJETO INTEGRADOR DE PESQUISA E ARTICULAÇÃO COM O TERRITÓRIO;6622
115;EEEFMGUILHERMEMILANEZE_3ªN01EJA-EM_3ª ETAPA_PIPAT_INEP32078170_2947_2024/1;PROJETO INTEGRADOR DE PESQUISA E ARTICULAÇÃO COM O TERRITÓRIO;6622
116;EEEFMPRESIDENTELUEBKE_1ªN01-EJA-EM-AAD_1ª ETAPA_PIPAT_INEP32058918_4152_2024/1;PROJETO INTEGRADOR DE PESQUISA E ARTICULAÇÃO COM O TERRITÓRIO;6622
117;EEEFMPRESIDENTELUEBKE_2ªN01--EJA-EM-AAD_2ª ETAPA_PIPAT_INEP32058918_4615_2024/1;PROJETO INTEGRADOR DE PESQUISA E ARTICULAÇÃO COM O TERRITÓRIO;6622
118;EEEFMPRESIDENTELUEBKE_3ªN01-EJA-EM_3ª ETAPA_PIPAT_INEP32058918_6218_2024/1;PROJETO INTEGRADOR DE PESQUISA E ARTICULAÇÃO COM O TERRITÓRIO;6622
119;EEEFMPRESIDENTELUEBKE_3ªN01--EJA-EM-AAD_3ª ETAPA_PIPAT_INEP32058918_5034_2024/1;PROJETO INTEGRADOR DE PESQUISA E ARTICULAÇÃO COM O TERRITÓRIO;6622
120;CEEFMTINAIRMIRANDA_1ªN01-EJA-EM_1ª ETAPA_PIPAT_INEP32020910_2742_2024/1;PROJETO INTEGRADOR DE PESQUISA E ARTICULAÇÃO COM O TERRITÓRIO;6622
121;CEEFMTINAIRMIRANDA_2ªN01-EJA-EM_2ª ETAPA_PIPAT_INEP32020910_3305_2024/1;PROJETO INTEGRADOR DE PESQUISA E ARTICULAÇÃO COM O TERRITÓRIO;6622
122;CEEFMTINAIRMIRANDA_3ªN01-EJA-EM_3ª ETAPA_PIPAT_INEP32020910_3852_2024/1;PROJETO INTEGRADOR DE PESQUISA E ARTICULAÇÃO COM O TERRITÓRIO;6622
123;CEEFMTINAIRMIRANDA_7ªN01-EJA-EF_7ª ETAPA_PIPAT_INEP32020910_914_2024/1;PROJETO INTEGRADOR DE PESQUISA E ARTICULAÇÃO COM O TERRITÓRIO;6622
124;CEEFMTINAIRMIRANDA_8ªN01-EJA-EF_8ª ETAPA_PIPAT_INEP32020910_1530_2024/1;PROJETO INTEGRADOR DE PESQUISA E ARTICULAÇÃO COM O TERRITÓRIO;6622
125;EEEFMPROFESSORAMARIADAPAZPIMENTEL_3ªN01-EJA-EM_3ª ETAPA_PIPAT_INEP32061943_1361_2024/1;PROJETO INTEGRADOR DE PESQUISA E ARTICULAÇÃO COM O TERRITÓRIO;6622
126;EEEFMFREDERICOPRETTI_1ªN02-EM_EO_INEP32033478_6447_2024;ESTUDO ORIENTADO;6622
127;EEEFMFREDERICOPRETTI_1ªN02-EM_PROINPAC_INEP32033478_6447_2024;;6622
128;EEEFMFREDERICOPRETTI_1ªN02-EM_PV_INEP32033478_6447_2024;PROJETO DE VIDA;6622
129;EEEFMFREDERICOPRETTI_2ªN01-EM-HUM_PROINPAC_INEP32033478_2933_2024;;6622
130;EEEFMFREDERICOPRETTI_2ªN02-EM-HUM_PROINPAC_INEP32033478_6577_2024;;6622
131;EEEFMFREDERICOPRETTI_3ªN01-EJA-EM_3ª ETAPA_PIPAT_INEP32033478_6771_2024/1;PROJETO INTEGRADOR DE PESQUISA E ARTICULAÇÃO COM O TERRITÓRIO;6622
132;EEEFMFREDERICOPRETTI_3ªN01-EM-HUM_PROINPAC_INEP32033478_4018_2024;;6622
133;EEEFMFREDERICOPRETTI_3ªN02-EM_PROINPAC_INEP32033478_6660_2024;;6622
134;EEEFMJOSEPINTOCOELHO_1ªN01-EJA-EM_1ª ETAPA_PIPAT_INEP32032951_564_2024/1;PROJETO INTEGRADOR DE PESQUISA E ARTICULAÇÃO COM O TERRITÓRIO;6622
135;EEEFMJOSEPINTOCOELHO_1ªN01-EM_EO_INEP32032951_2430_2024;ESTUDO ORIENTADO;6622
136;EEEFMJOSEPINTOCOELHO_1ªN01-EM_PROINPAC_INEP32032951_2430_2024;;6622
137;EEEFMJOSEPINTOCOELHO_1ªN01-EM_PV_INEP32032951_2430_2024;PROJETO DE VIDA;6622
138;EEEFMJOSEPINTOCOELHO_2ªN01-EJA-EM_2ª ETAPA_PIPAT_INEP32032951_1193_2024/1;PROJETO INTEGRADOR DE PESQUISA E ARTICULAÇÃO COM O TERRITÓRIO;6622
139;EEEFMJOSEPINTOCOELHO_2ªN01-EM_PROINPAC_INEP32032951_2996_2024;;6622
140;EEEFMJOSEPINTOCOELHO_3ªN01-EJA-EM_3ª ETAPA_PIPAT_INEP32032951_1813_2024/1;PROJETO INTEGRADOR DE PESQUISA E ARTICULAÇÃO COM O TERRITÓRIO;6622
141;EEEFMJOSEPINTOCOELHO_3ªN01-EM_PROINPAC_INEP32032951_3549_2024;;6622
142;EEEFFRANCISCOALVESMENDES_7ªN01-EJA-EF_7ª ETAPA_PIPAT_INEP32070853_56_2024/1;PROJETO INTEGRADOR DE PESQUISA E ARTICULAÇÃO COM O TERRITÓRIO;6622
143;EEEFFRANCISCOALVESMENDES_8ªN01-EJA-EF_8ª ETAPA_PIPAT_INEP32070853_75_2024/1;PROJETO INTEGRADOR DE PESQUISA E ARTICULAÇÃO COM O TERRITÓRIO;6622
144;EEEFJONESJOSEDONASCIMENTO_1ªN01-EJA-EP-AAD_1ª ETAPA_PIPAT_INEP32036167_4358_2024/1;PROJETO INTEGRADOR DE PESQUISA E ARTICULAÇÃO COM O TERRITÓRIO;6622
145;EEEFJONESJOSEDONASCIMENTO_2ªN01-EJA-EP-AAD_2ª ETAPA_PIPAT_INEP32036167_4809_2024/1;PROJETO INTEGRADOR DE PESQUISA E ARTICULAÇÃO COM O TERRITÓRIO;6622
146;EEEFJONESJOSEDONASCIMENTO_3ªN01-EJA-EP-AAD_3ª ETAPA_PIPAT_INEP32036167_3333_2024/1;PROJETO INTEGRADOR DE PESQUISA E ARTICULAÇÃO COM O TERRITÓRIO;6622
147;EEEFJONESJOSEDONASCIMENTO_4ªN01-EJA-EP-AAD_4ª ETAPA_PIPAT_INEP32036167_5221_2024/1;PROJETO INTEGRADOR DE PESQUISA E ARTICULAÇÃO COM O TERRITÓRIO;6622
148;EEEFJONESJOSEDONASCIMENTO_7ªN01-EJA-EF_7ª ETAPA_PIPAT_INEP32036167_1569_2024/1;PROJETO INTEGRADOR DE PESQUISA E ARTICULAÇÃO COM O TERRITÓRIO;6622
149;EEEFJONESJOSEDONASCIMENTO_8ªN01-EJA-EF_8ª ETAPA_PIPAT_INEP32036167_2193_2024/1;PROJETO INTEGRADOR DE PESQUISA E ARTICULAÇÃO COM O TERRITÓRIO;6622
150;EEEFTAQUARAI_2ªN01-EJA-EP-AAD_2ª ETAPA_PIPAT_INEP32036540_5228_2024/1;PROJETO INTEGRADOR DE PESQUISA E ARTICULAÇÃO COM O TERRITÓRIO;6622
151;EEEFVIRGINIOPEREIRA_7ªN01-EJA-EF_7ª ETAPA_PIPAT_INEP32037473_7015_2024/1;PROJETO INTEGRADOR DE PESQUISA E ARTICULAÇÃO COM O TERRITÓRIO;6622
152;EEEFVIRGINIOPEREIRA_8ªN01-EJA-EF_8ª ETAPA_PIPAT_INEP32037473_7025_2024/1;PROJETO INTEGRADOR DE PESQUISA E ARTICULAÇÃO COM O TERRITÓRIO;6622
153;EEEFMANTONIOENGRACIODASILVA_1ªN01-EJA-EM_1ª ETAPA_PIPAT_INEP32036051_388_2024/1;PROJETO INTEGRADOR DE PESQUISA E ARTICULAÇÃO COM O TERRITÓRIO;6622
154;EEEFMANTONIOENGRACIODASILVA_2ªN01-EJA-EM_2ª ETAPA_PIPAT_INEP32036051_1636_2024/1;PROJETO INTEGRADOR DE PESQUISA E ARTICULAÇÃO COM O TERRITÓRIO;6622
155;EEEFMANTONIOENGRACIODASILVA_3ªN01-EJA-EM_3ª ETAPA_PIPAT_INEP32036051_2260_2024/1;PROJETO INTEGRADOR DE PESQUISA E ARTICULAÇÃO COM O TERRITÓRIO;6622
156;EEEFMANTONIOJOSEPEIXOTOMIGUEL_1ªN01-EJA-EM_1ª ETAPA_PIPAT_INEP32074425_29_2024/1;PROJETO INTEGRADOR DE PESQUISA E ARTICULAÇÃO COM O TERRITÓRIO;6622
157;EEEFMANTONIOJOSEPEIXOTOMIGUEL_2ªN01-EJA-EM_2ª ETAPA_PIPAT_INEP32074425_64_2024/1;PROJETO INTEGRADOR DE PESQUISA E ARTICULAÇÃO COM O TERRITÓRIO;6622
158;EEEFMANTONIOJOSEPEIXOTOMIGUEL_3ªN01-EJA-EM_3ª ETAPA_PIPAT_INEP32074425_138_2024/1;PROJETO INTEGRADOR DE PESQUISA E ARTICULAÇÃO COM O TERRITÓRIO;6622
159;EEEFMANTONIOJOSEPEIXOTOMIGUEL_3ªN02-EJA-EM_3ª ETAPA_PIPAT_INEP32074425_156_2024/1;PROJETO INTEGRADOR DE PESQUISA E ARTICULAÇÃO COM O TERRITÓRIO;6622
160;EEEFMANTONIOLUIZVALIATI_1ªN01-EJA-EM_1ª ETAPA_PIPAT_INEP32036060_2834_2024/1;PROJETO INTEGRADOR DE PESQUISA E ARTICULAÇÃO COM O TERRITÓRIO;6622
161;EEEFMANTONIOLUIZVALIATI_2ªN01-EJA-EM_2ª ETAPA_PIPAT_INEP32036060_3386_2024/1;PROJETO INTEGRADOR DE PESQUISA E ARTICULAÇÃO COM O TERRITÓRIO;6622
162;EEEFMANTONIOLUIZVALIATI_3ªN01-EJA-EM_3ª ETAPA_PIPAT_INEP32036060_2263_2024/1;PROJETO INTEGRADOR DE PESQUISA E ARTICULAÇÃO COM O TERRITÓRIO;6622
163;EEEFMARLINDOFERREIRALOPES_1ªN01-EJA-EM_1ª ETAPA_PIPAT_INEP32036086_401_2024/1;PROJETO INTEGRADOR DE PESQUISA E ARTICULAÇÃO COM O TERRITÓRIO;6622
164;EEEFMARLINDOFERREIRALOPES_2ªN01-EJA-EM_2ª ETAPA_PIPAT_INEP32036086_2274_2024/1;PROJETO INTEGRADOR DE PESQUISA E ARTICULAÇÃO COM O TERRITÓRIO;6622
165;EEEFMARLINDOFERREIRALOPES_3ªN01-EJA-EM_3ª ETAPA_PIPAT_INEP32036086_3396_2024/1;PROJETO INTEGRADOR DE PESQUISA E ARTICULAÇÃO COM O TERRITÓRIO;6622
166;EEEFMBELMIROTEIXEIRAPIMENTA_2ªN01-EM-MID_PROINPAC_INEP32036558_4421_2024;;6622
167;EEEFMBELMIROTEIXEIRAPIMENTA_3ªN01-EM-MID_PROINPAC_INEP32036558_5267_2024;;6622
168;EEEFMCAMPINHO_1ªN01-EJA-EM_1ª ETAPA_PIPAT_INEP32035390_418_2024/1;PROJETO INTEGRADOR DE PESQUISA E ARTICULAÇÃO COM O TERRITÓRIO;6622
169;EEEFMCAMPINHO_2ªN01-EJA-EM_2ª ETAPA_PIPAT_INEP32035390_2858_2024/1;PROJETO INTEGRADOR DE PESQUISA E ARTICULAÇÃO COM O TERRITÓRIO;6622
170;EEEFMCAMPINHO_3ªN01-EJA-EM_3ª ETAPA_PIPAT_INEP32035390_1670_2024/1;PROJETO INTEGRADOR DE PESQUISA E ARTICULAÇÃO COM O TERRITÓRIO;6622
171;EEEFMDJOAOBATISTADAMOTTAEALBUQUERQUE_1ªN01-EJA-EM_1ª ETAPA_PIPAT_INEP32036116_439_2024/1;PROJETO INTEGRADOR DE PESQUISA E ARTICULAÇÃO COM O TERRITÓRIO;6622
172;EEEFMDJOAOBATISTADAMOTTAEALBUQUERQUE_2ªN01-EJA-EM_2ª ETAPA_PIPAT_INEP32036116_1687_2024/1;PROJETO INTEGRADOR DE PESQUISA E ARTICULAÇÃO COM O TERRITÓRIO;6622
173;EEEFMDJOAOBATISTADAMOTTAEALBUQUERQUE_3ªN01-EJA-EM_3ª ETAPA_PIPAT_INEP32036116_2877_2024/1;PROJETO INTEGRADOR DE PESQUISA E ARTICULAÇÃO COM O TERRITÓRIO;6622
174;EEEFMELICEBAPTISTAGAUDIO_1ªN01-EJA-EM_1ª ETAPA_PIPAT_INEP32036124_3988_2024/1;PROJETO INTEGRADOR DE PESQUISA E ARTICULAÇÃO COM O TERRITÓRIO;6622
175;EEEFMELICEBAPTISTAGAUDIO_2ªN01-EJA-EM_2ª ETAPA_PIPAT_INEP32036124_3453_2024/1;PROJETO INTEGRADOR DE PESQUISA E ARTICULAÇÃO COM O TERRITÓRIO;6622
176;EEEFMELICEBAPTISTAGAUDIO_3ªN01-EJA-EM_3ª ETAPA_PIPAT_INEP32036124_464_2024/1;PROJETO INTEGRADOR DE PESQUISA E ARTICULAÇÃO COM O TERRITÓRIO;6622
177;EEEFMFRANCISCONASCIMENTO_1ªN01-EJA-EM_1ª ETAPA_PIPAT_INEP32037163_3480_2024/1;PROJETO INTEGRADOR DE PESQUISA E ARTICULAÇÃO COM O TERRITÓRIO;6622
178;EEEFMFRANCISCONASCIMENTO_2ªN01-EJA-EM_2ª ETAPA_PIPAT_INEP32037163_4010_2024/1;PROJETO INTEGRADOR DE PESQUISA E ARTICULAÇÃO COM O TERRITÓRIO;6622
179;EEEFMFRANCISCONASCIMENTO_3ªN01-EJA-EM_3ª ETAPA_PIPAT_INEP32037163_4482_2024/1;PROJETO INTEGRADOR DE PESQUISA E ARTICULAÇÃO COM O TERRITÓRIO;6622
180;EEEFMFRANCISCONASCIMENTO_5ªN01-EJA-EF_5ª ETAPA_PIPAT_INEP32037163_1120_2024/1;PROJETO INTEGRADOR DE PESQUISA E ARTICULAÇÃO COM O TERRITÓRIO;6622
181;EEEFMFRANCISCONASCIMENTO_6ªN01-EJA-EF_6ª ETAPA_PIPAT_INEP32037163_1740_2024/1;PROJETO INTEGRADOR DE PESQUISA E ARTICULAÇÃO COM O TERRITÓRIO;6622
182;EEEFMFRANCISCONASCIMENTO_7ªN01-EJA-EF_7ª ETAPA_PIPAT_INEP32037163_2358_2024/1;PROJETO INTEGRADOR DE PESQUISA E ARTICULAÇÃO COM O TERRITÓRIO;6622
183;EEEFMFRANCISCONASCIMENTO_8ªN01-EJA-EF_8ª ETAPA_PIPAT_INEP32037163_2927_2024/1;PROJETO INTEGRADOR DE PESQUISA E ARTICULAÇÃO COM O TERRITÓRIO;6622
184;EEEFMGERMANOANDRELUBE_6ªN01EJA-EF_6ª ETAPA_PIPAT_INEP32037171_505_2024/1;PROJETO INTEGRADOR DE PESQUISA E ARTICULAÇÃO COM O TERRITÓRIO;6622
185;EEEFMGERMANOANDRELUBE_7ªN01EJA-EF_7ª ETAPA_PIPAT_INEP32037171_1132_2024/1;PROJETO INTEGRADOR DE PESQUISA E ARTICULAÇÃO COM O TERRITÓRIO;6622
186;EEEFMGERMANOANDRELUBE_8ªN01EJA-EF_8ª ETAPA_PIPAT_INEP32037171_1751_2024/1;PROJETO INTEGRADOR DE PESQUISA E ARTICULAÇÃO COM O TERRITÓRIO;6622
187;EEEFMGETULIOPIMENTELLOUREIRO_1ªN01-EJA-EP-AAD_1ª ETAPA_PIPAT_INEP32035403_508_2024/1;PROJETO INTEGRADOR DE PESQUISA E ARTICULAÇÃO COM O TERRITÓRIO;6622
188;EEEFMGETULIOPIMENTELLOUREIRO_1ªN02-EJA-EP-ALG_1ª ETAPA_PIPAT_INEP32035403_3495_2024/1;PROJETO INTEGRADOR DE PESQUISA E ARTICULAÇÃO COM O TERRITÓRIO;6622
189;EEEFMGETULIOPIMENTELLOUREIRO_2ªN01-EJA-EP-ALG_2ª ETAPA_PIPAT_INEP32035403_2939_2024/1;PROJETO INTEGRADOR DE PESQUISA E ARTICULAÇÃO COM O TERRITÓRIO;6622
190;EEEFMGETULIOPIMENTELLOUREIRO_3ªN01-EJA-EP-AAD_3ª ETAPA_PIPAT_INEP32035403_1135_2024/1;PROJETO INTEGRADOR DE PESQUISA E ARTICULAÇÃO COM O TERRITÓRIO;6622
191;EEEFMIRACEMACONCEICAOSILVA_1ªN1EPOUT_1ª ETAPA_PIPAT_INEP32036574_3514_2024/1;PROJETO INTEGRADOR DE PESQUISA E ARTICULAÇÃO COM O TERRITÓRIO;6622
192;EEEFMIRACEMACONCEICAOSILVA_2ªN1EPOUT_2ª ETAPA_PIPAT_INEP32036574_4508_2024/1;PROJETO INTEGRADOR DE PESQUISA E ARTICULAÇÃO COM O TERRITÓRIO;6622
193;EEEFMIRACEMACONCEICAOSILVA_3ªN1EPOUT_3ª ETAPA_PIPAT_INEP32036574_4940_2024/1;PROJETO INTEGRADOR DE PESQUISA E ARTICULAÇÃO COM O TERRITÓRIO;6622
194;EEEFMIRACEMACONCEICAOSILVA_4ªN1EPOUT_4ª ETAPA_PIPAT_INEP32036574_1773_2024/1;PROJETO INTEGRADOR DE PESQUISA E ARTICULAÇÃO COM O TERRITÓRIO;6622
195;EEEFMIRACEMACONCEICAOSILVA_7ªN01EJA-EF_7ª ETAPA_PIPAT_INEP32036574_2392_2024/1;PROJETO INTEGRADOR DE PESQUISA E ARTICULAÇÃO COM O TERRITÓRIO;6622
196;EEEFMIRACEMACONCEICAOSILVA_8ªN01EJA-EF_8ª ETAPA_PIPAT_INEP32036574_2959_2024/1;PROJETO INTEGRADOR DE PESQUISA E ARTICULAÇÃO COM O TERRITÓRIO;6622
197;EEEFMJACARAIPE_1ªN01-EJA-EM_1ª ETAPA_PIPAT_INEP32037180_539_2024/1;PROJETO INTEGRADOR DE PESQUISA E ARTICULAÇÃO COM O TERRITÓRIO;6622
198;EEEFMJACARAIPE_1ªN02-EJA-EM_1ª ETAPA_PIPAT_INEP32037180_1165_2024/1;PROJETO INTEGRADOR DE PESQUISA E ARTICULAÇÃO COM O TERRITÓRIO;6622
199;EEEFMJACARAIPE_1ªN01-EM_EO_INEP32037180_3523_2024;ESTUDO ORIENTADO;6622
200;EEEFMJACARAIPE_1ªN01-EM_PROINPAC_INEP32037180_3523_2024;;6622
201;EEEFMJACARAIPE_1ªN01-EM_PV_INEP32037180_3523_2024;PROJETO DE VIDA;6622
202;EEEFMJACARAIPE_2ªN0-EJA-EM_2ª ETAPA_PIPAT_INEP32037180_1785_2024/1;PROJETO INTEGRADOR DE PESQUISA E ARTICULAÇÃO COM O TERRITÓRIO;6622
203;EEEFMJACARAIPE_2ªN01-EM_PV_INEP32037180_4050_2024;PROJETO DE VIDA;6622
204;EEEFMJACARAIPE_2ªN02-EM_PROINPAC_INEP32037180_4517_2024;;6622
205;EEEFMJACARAIPE_3ªN01-EJA-EM_3ª ETAPA_PIPAT_INEP32037180_2403_2024/1;PROJETO INTEGRADOR DE PESQUISA E ARTICULAÇÃO COM O TERRITÓRIO;6622
206;EEEFMJACARAIPE_3ªN02-EJA-EM_3ª ETAPA_PIPAT_INEP32037180_2969_2024/1;PROJETO INTEGRADOR DE PESQUISA E ARTICULAÇÃO COM O TERRITÓRIO;6622
207;EEEFMJACARAIPE_3ªN01-EM_PROINPAC_INEP32037180_4948_2024;;6622
208;EEEFMJACARAIPE_3ªN02-EM_PROINPAC_INEP32037180_5336_2024;;6622
209;EEEFMLARANJEIRAS_1ªN01-EJA-EM-ARH_1ª ETAPA_PIPAT_INEP32037350_7058_2024/1;PROJETO INTEGRADOR DE PESQUISA E ARTICULAÇÃO COM O TERRITÓRIO;6622
210;EEEFMLARANJEIRAS_1ªN02-EJA-EM-AMS_1ª ETAPA_PIPAT_INEP32037350_7074_2024/1;PROJETO INTEGRADOR DE PESQUISA E ARTICULAÇÃO COM O TERRITÓRIO;6622
211;EEEFMLARANJEIRAS_1ªN01-EM_EO_INEP32037350_7034_2024;ESTUDO ORIENTADO;6622
212;EEEFMLARANJEIRAS_1ªN01-EM_PROINPAC_INEP32037350_7034_2024;;6622
213;EEEFMLARANJEIRAS_1ªN01-EM_PV_INEP32037350_7034_2024;PROJETO DE VIDA;6622
214;EEEFMLARANJEIRAS_1ªN02-EM_EO_INEP32037350_7043_2024;ESTUDO ORIENTADO;6622
215;EEEFMLARANJEIRAS_1ªN02-EM_PROINPAC_INEP32037350_7043_2024;;6622
216;EEEFMLARANJEIRAS_1ªN02-EM_PV_INEP32037350_7043_2024;PROJETO DE VIDA;6622
217;EEEFMLARANJEIRAS_2ªN01-EJA-EM-ARH_2ª ETAPA_PIPAT_INEP32037350_7066_2024/1;PROJETO INTEGRADOR DE PESQUISA E ARTICULAÇÃO COM O TERRITÓRIO;6622
218;EEEFMLARANJEIRAS_2ªN01-EM_PROINPAC_INEP32037350_7088_2024;;6622
219;EEEFMLARANJEIRAS_2ªN02-EM_PROINPAC_INEP32037350_7415_2024;;6622
220;EEEFMLARANJEIRAS_3ªN01-EJA-EM_3ª ETAPA_PIPAT_INEP32037350_7050_2024/1;PROJETO INTEGRADOR DE PESQUISA E ARTICULAÇÃO COM O TERRITÓRIO;6622
221;EEEFMLARANJEIRAS_3ªN01-EM_PROINPAC_INEP32037350_6093_2024;;6622
222;EEEFMLARANJEIRAS_3ªN02-EM_PROINPAC_INEP32037350_7416_2024;;6622
223;EEEFMMARIAPENEDO_2ªN01-EJA-EM_2ª ETAPA_PIPAT_INEP32036191_1241_2024/1;PROJETO INTEGRADOR DE PESQUISA E ARTICULAÇÃO COM O TERRITÓRIO;6622
224;EEEFMMARIAPENEDO_3ªN01-EJA-EM_3ª ETAPA_PIPAT_INEP32036191_1862_2024/1;PROJETO INTEGRADOR DE PESQUISA E ARTICULAÇÃO COM O TERRITÓRIO;6622
225;EEEFMMARINETEDESOUZALIRA_1ªN01-EM_EO_INEP32036205_610_2024;ESTUDO ORIENTADO;6622
226;EEEFMMARINETEDESOUZALIRA_1ªN01-EM_PROINPAC_INEP32036205_610_2024;;6622
227;EEEFMMARINETEDESOUZALIRA_1ªN01-EM_PV_INEP32036205_610_2024;PROJETO DE VIDA;6622
228;EEEFMMARINETEDESOUZALIRA_1ªN02-EM_EO_INEP32036205_7738_2024;ESTUDO ORIENTADO;6622
229;EEEFMMARINETEDESOUZALIRA_1ªN02-EM_PROINPAC_INEP32036205_7738_2024;;6622
230;EEEFMMARINETEDESOUZALIRA_1ªN02-EM_PV_INEP32036205_7738_2024;PROJETO DE VIDA;6622
231;EEEFMMARINETEDESOUZALIRA_2ªN01-EM_PROINPAC_INEP32036205_1868_2024;;6622
232;EEEFMMARINETEDESOUZALIRA_2ªN02-EM_PROINPAC_INEP32036205_3591_2024;;6622
233;EEEFMMARINETEDESOUZALIRA_3ªN01-EM_PROINPAC_INEP32036205_2470_2024;;6622
234;EEEFMMARINETEDESOUZALIRA_3ªN02-EM_PROINPAC_INEP32036205_3043_2024;;6622
235;EEEFMMARINGA_2ªN01-EJA-EM_2ª ETAPA_PIPAT_INEP32036213_244_2024/1;PROJETO INTEGRADOR DE PESQUISA E ARTICULAÇÃO COM O TERRITÓRIO;6622
236;EEEFMMARINGA_3ªN01-EJA-EM_3ª ETAPA_PIPAT_INEP32036213_247_2024/1;PROJETO INTEGRADOR DE PESQUISA E ARTICULAÇÃO COM O TERRITÓRIO;6622
237;EEEFMPROFJOAOLOYOLA_1ªN01-EJA-EM_1ª ETAPA_PIPAT_INEP32035519_1325_2024/1;PROJETO INTEGRADOR DE PESQUISA E ARTICULAÇÃO COM O TERRITÓRIO;6622
238;EEEFMPROFJOAOLOYOLA_2ªN01-EJA-EM_2ª ETAPA_PIPAT_INEP32035519_3114_2024/1;PROJETO INTEGRADOR DE PESQUISA E ARTICULAÇÃO COM O TERRITÓRIO;6622
239;EEEFMPROFJOAOLOYOLA_2ªN01-EM_PROINPAC_INEP32035519_2546_2024;;6622
240;EEEFMPROFJOAOLOYOLA_3ªN01-EJA-EM_3ª ETAPA_PIPAT_INEP32035519_3661_2024/1;PROJETO INTEGRADOR DE PESQUISA E ARTICULAÇÃO COM O TERRITÓRIO;6622
241;EEEFMPROFJOAOLOYOLA_3ªN01-EM_PROINPAC_INEP32035519_4172_2024;;6622
242;EEEFMPROFJOAOLOYOLA_3ªN02-EM_PROINPAC_INEP32035519_5051_2024;;6622
243;EEEFMPROFJURACIMACHADO_1ªN01-EJA-EM_1ª ETAPA_PIPAT_INEP32036493_3119_2024/1;PROJETO INTEGRADOR DE PESQUISA E ARTICULAÇÃO COM O TERRITÓRIO;6622
244;EEEFMPROFJURACIMACHADO_2ªN01-EJA-EM_2ª ETAPA_PIPAT_INEP32036493_3665_2024/1;PROJETO INTEGRADOR DE PESQUISA E ARTICULAÇÃO COM O TERRITÓRIO;6622
245;EEEFMPROFJURACIMACHADO_2ªN01-EM_PROINPAC_INEP32036493_4635_2024;;6622
246;EEEFMPROFJURACIMACHADO_3ªN01-EJA-EM_3ª ETAPA_PIPAT_INEP32036493_4175_2024/1;PROJETO INTEGRADOR DE PESQUISA E ARTICULAÇÃO COM O TERRITÓRIO;6622
247;EEEFMPROFJURACIMACHADO_6ªN01-EJA-EF_6ª ETAPA_PIPAT_INEP32036493_1506_2024/1;PROJETO INTEGRADOR DE PESQUISA E ARTICULAÇÃO COM O TERRITÓRIO;6622
248;EEEFMPROFJURACIMACHADO_7ªN01-EJA-EF_7ª ETAPA_PIPAT_INEP32036493_1952_2024/1;PROJETO INTEGRADOR DE PESQUISA E ARTICULAÇÃO COM O TERRITÓRIO;6622
249;EEEFMPROFJURACIMACHADO_8ªN01-EJA-EF_8ª ETAPA_PIPAT_INEP32036493_2549_2024/1;PROJETO INTEGRADOR DE PESQUISA E ARTICULAÇÃO COM O TERRITÓRIO;6622
250;EEEFMPROFMARIAOLINDADEOLIVEIRAMENEZES_1ªN01-EJA-EM_1ª ETAPA_PIPAT_INEP32065370_694_2024/1;PROJETO INTEGRADOR DE PESQUISA E ARTICULAÇÃO COM O TERRITÓRIO;6622
251;EEEFMPROFMARIAOLINDADEOLIVEIRAMENEZES_2ªN01-EJA-EM_2ª ETAPA_PIPAT_INEP32065370_3128_2024/1;PROJETO INTEGRADOR DE PESQUISA E ARTICULAÇÃO COM O TERRITÓRIO;6622
252;EEEFMPROFMARIAOLINDADEOLIVEIRAMENEZES_3ªN01-EJA-EM_3ª ETAPA_PIPAT_INEP32065370_1334_2024/1;PROJETO INTEGRADOR DE PESQUISA E ARTICULAÇÃO COM O TERRITÓRIO;6622
253;EEEFMPROFESSORJOAOANTUNESDASDORES_2ªN01-EJA-EM-ALG_2ª ETAPA_PIPAT_INEP32035500_5440_2024/1;PROJETO INTEGRADOR DE PESQUISA E ARTICULAÇÃO COM O TERRITÓRIO;6622
254;EEEFMPROFESSORJOAOANTUNESDASDORES_2ªN01-EM_PROINPAC_INEP32035500_4656_2024;;6622
255;EEEFMPROFESSORJOAOANTUNESDASDORES_3ªN01-EM_PROINPAC_INEP32035500_5068_2024;;6622
256;EEEFMSERRASEDE_1ªN01-EJA-EM_1ª ETAPA_PIPAT_INEP32080735_3191_2024/1;PROJETO INTEGRADOR DE PESQUISA E ARTICULAÇÃO COM O TERRITÓRIO;6622
257;EEEFMSERRASEDE_1ªN01-EJA-EM-ALG_1ª ETAPA_PIPAT_INEP32080735_3741_2024/1;PROJETO INTEGRADOR DE PESQUISA E ARTICULAÇÃO COM O TERRITÓRIO;6622
258;EEEFMSERRASEDE_2ªN01-EJA-EM_2ª ETAPA_PIPAT_INEP32080735_760_2024/1;PROJETO INTEGRADOR DE PESQUISA E ARTICULAÇÃO COM O TERRITÓRIO;6622
259;EEEFMSERRASEDE_2ªN01-EJA-EM-ALG_2ª ETAPA_PIPAT_INEP32080735_6047_2024/1;PROJETO INTEGRADOR DE PESQUISA E ARTICULAÇÃO COM O TERRITÓRIO;6622
260;EEEFMSERRASEDE_3ªN01-EJA-EM_3ª ETAPA_PIPAT_INEP32080735_2027_2024/1;PROJETO INTEGRADOR DE PESQUISA E ARTICULAÇÃO COM O TERRITÓRIO;6622
261;EEEFMSERRASEDE_3ªN01-EJA-EM-ALG_3ª ETAPA_PIPAT_INEP32080735_4243_2024/1;PROJETO INTEGRADOR DE PESQUISA E ARTICULAÇÃO COM O TERRITÓRIO;6622
262;EEEFMSILVIOEGITOSOBRINHO_1ªN01-EM_EO_INEP32037260_763_2024;ESTUDO ORIENTADO;6622
263;EEEFMSILVIOEGITOSOBRINHO_1ªN01-EM_PROINPAC_INEP32037260_763_2024;;6622
264;EEEFMSILVIOEGITOSOBRINHO_1ªN01-EM_PV_INEP32037260_763_2024;PROJETO DE VIDA;6622
265;EEEFMSILVIOEGITOSOBRINHO_2ªN01-EM_PROINPAC_INEP32037260_1399_2024;;6622
266;EEEFMSILVIOEGITOSOBRINHO_3ªN01-EM_PROINPAC_INEP32037260_2030_2024;;6622
267;EEEFMSIZENANDOPECHINCHA_2ªN01-EJA-EM_2ª ETAPA_PIPAT_INEP32036531_3200_2024/1;PROJETO INTEGRADOR DE PESQUISA E ARTICULAÇÃO COM O TERRITÓRIO;6622
268;EEEFMSIZENANDOPECHINCHA_3ªN01-EJA-EM_3ª ETAPA_PIPAT_INEP32036531_235_2024/1;PROJETO INTEGRADOR DE PESQUISA E ARTICULAÇÃO COM O TERRITÓRIO;6622
269;EEEFMSIZENANDOPECHINCHA_3ªN01-EM_PROINPAC_INEP32036531_3751_2024;;6622
270;EEEFMVILANOVADECOLARES_1ªN01EJA-EM_1ª ETAPA_PIPAT_INEP32134010_2650_2024/1;PROJETO INTEGRADOR DE PESQUISA E ARTICULAÇÃO COM O TERRITÓRIO;6622
271;EEEFMVILANOVADECOLARES_2ªN01EJA-EM_2ª ETAPA_PIPAT_INEP32134010_4260_2024/1;PROJETO INTEGRADOR DE PESQUISA E ARTICULAÇÃO COM O TERRITÓRIO;6622
272;EEEFMVILANOVADECOLARES_3ªN01EJA-EM_3ª ETAPA_PIPAT_INEP32134010_6054_2024/1;PROJETO INTEGRADOR DE PESQUISA E ARTICULAÇÃO COM O TERRITÓRIO;6622
273;EEEFMVILANOVADECOLARES_5ªN01EJA-EF_5ª ETAPA_PIPAT_INEP32134010_6423_2024/1;PROJETO INTEGRADOR DE PESQUISA E ARTICULAÇÃO COM O TERRITÓRIO;6622
274;EEEFMVILANOVADECOLARES_6ªN01EJA-EF_6ª ETAPA_PIPAT_INEP32134010_784_2024/1;PROJETO INTEGRADOR DE PESQUISA E ARTICULAÇÃO COM O TERRITÓRIO;6622
275;EEEFMVILANOVADECOLARES_7ªN01EJA-EF_7ª ETAPA_PIPAT_INEP32134010_1422_2024/1;PROJETO INTEGRADOR DE PESQUISA E ARTICULAÇÃO COM O TERRITÓRIO;6622
276;EEEFMVILANOVADECOLARES_8ªN01EJA-EF_8ª ETAPA_PIPAT_INEP32134010_2053_2024/1;PROJETO INTEGRADOR DE PESQUISA E ARTICULAÇÃO COM O TERRITÓRIO;6622
277;EEEFMZUMBIDOSPALMARES-SERRA_1ªN01-EJA-EM_1ª ETAPA_PIPAT_INEP32066333_4728_2024/1;PROJETO INTEGRADOR DE PESQUISA E ARTICULAÇÃO COM O TERRITÓRIO;6622
278;EEEFMZUMBIDOSPALMARES-SERRA_2ªN01-EJA-EM_2ª ETAPA_PIPAT_INEP32066333_5802_2024/1;PROJETO INTEGRADOR DE PESQUISA E ARTICULAÇÃO COM O TERRITÓRIO;6622
279;EEEFMZUMBIDOSPALMARES-SERRA_2ªN01-EM_PROINPAC_INEP32066333_1441_2024;;6622
280;EEEFMZUMBIDOSPALMARES-SERRA_3ªN01-EJA-EM_3ª ETAPA_PIPAT_INEP32066333_6059_2024/1;PROJETO INTEGRADOR DE PESQUISA E ARTICULAÇÃO COM O TERRITÓRIO;6622
281;EEEFMZUMBIDOSPALMARES-SERRA_3ªN01-EM_PROINPAC_INEP32066333_2074_2024;;6622
282;EEEFMALMIRANTEBARROSO_1ªN01-EJA-EM_1ª ETAPA_PIPAT_INEP32041560_371_2024/1;PROJETO INTEGRADOR DE PESQUISA E ARTICULAÇÃO COM O TERRITÓRIO;6622
283;EEEFMALMIRANTEBARROSO_2ªN01-EJA-EM_2ª ETAPA_PIPAT_INEP32041560_995_2024/1;PROJETO INTEGRADOR DE PESQUISA E ARTICULAÇÃO COM O TERRITÓRIO;6622
284;EEEFMALMIRANTEBARROSO_3ªN01-EJA-EM_3ª ETAPA_PIPAT_INEP32041560_1616_2024/1;PROJETO INTEGRADOR DE PESQUISA E ARTICULAÇÃO COM O TERRITÓRIO;6622
285;EEEFMALMIRANTEBARROSO_3ªN02-EJA-EM_3ª ETAPA_PIPAT_INEP32041560_2239_2024/1;PROJETO INTEGRADOR DE PESQUISA E ARTICULAÇÃO COM O TERRITÓRIO;6622
286;EEEFMELZALEMOSANDREATTA_1ªN01-EJA-EM_1ª ETAPA_PIPAT_INEP32063199_471_2024/1;PROJETO INTEGRADOR DE PESQUISA E ARTICULAÇÃO COM O TERRITÓRIO;6622
287;EEEFMELZALEMOSANDREATTA_1ªN02-EJA-EM_1ª ETAPA_PIPAT_INEP32063199_1097_2024/1;PROJETO INTEGRADOR DE PESQUISA E ARTICULAÇÃO COM O TERRITÓRIO;6622
288;EEEFMELZALEMOSANDREATTA_2ªN01-EJA-EM_2ª ETAPA_PIPAT_INEP32063199_1717_2024/1;PROJETO INTEGRADOR DE PESQUISA E ARTICULAÇÃO COM O TERRITÓRIO;6622
289;EEEFMELZALEMOSANDREATTA_2ªN02-EJA-EM_2ª ETAPA_PIPAT_INEP32063199_2337_2024/1;PROJETO INTEGRADOR DE PESQUISA E ARTICULAÇÃO COM O TERRITÓRIO;6622
290;EEEFMELZALEMOSANDREATTA_3ªN01EJA-EM_3ª ETAPA_PIPAT_INEP32063199_3460_2024/1;PROJETO INTEGRADOR DE PESQUISA E ARTICULAÇÃO COM O TERRITÓRIO;6622
291;EEEFMELZALEMOSANDREATTA_3ªN02-EJA-EM_3ª ETAPA_PIPAT_INEP32063199_3993_2024/1;PROJETO INTEGRADOR DE PESQUISA E ARTICULAÇÃO COM O TERRITÓRIO;6622
292;EEEFMELZALEMOSANDREATTA_3ªN03-EJA-EM_3ª ETAPA_PIPAT_INEP32063199_4467_2024/1;PROJETO INTEGRADOR DE PESQUISA E ARTICULAÇÃO COM O TERRITÓRIO;6622
293;EEEFMHILDEBRANDOLUCAS_1ªM01EJA-EM_1ª ETAPA_PVI1_INEP32040300_2948_2024/1;PRÁTICAS E VIVÊNCIAS INTEGRADORAS I;6622
294;EEEFMHILDEBRANDOLUCAS_1ªM01EJA-EM_1ª ETAPA_PVI2_INEP32040300_2948_2024/1;PRÁTICAS E VIVÊNCIAS INTEGRADORAS II;6622
295;EEEFMHILDEBRANDOLUCAS_1ªN01EJA-EM_1ª ETAPA_PIPAT_INEP32040300_2950_2024/1;PROJETO INTEGRADOR DE PESQUISA E ARTICULAÇÃO COM O TERRITÓRIO;6622
296;EEEFMHILDEBRANDOLUCAS_1ªV01EJA-EM_1ª ETAPA_PVI1_INEP32040300_2949_2024/1;PRÁTICAS E VIVÊNCIAS INTEGRADORAS I;6622
297;EEEFMHILDEBRANDOLUCAS_1ªV01EJA-EM_1ª ETAPA_PVI2_INEP32040300_2949_2024/1;PRÁTICAS E VIVÊNCIAS INTEGRADORAS II;6622
298;EEEFMHILDEBRANDOLUCAS_1ªV1EPOUT_1ª ETAPA_PIPAT_INEP32040300_7340_2024/1;PROJETO INTEGRADOR DE PESQUISA E ARTICULAÇÃO COM O TERRITÓRIO;6622
299;EEEFMHILDEBRANDOLUCAS_2ªM01EJA-EM_2ª ETAPA_PVI1_INEP32040300_1763_2024/1;PRÁTICAS E VIVÊNCIAS INTEGRADORAS I;6622
300;EEEFMHILDEBRANDOLUCAS_2ªM01EJA-EM_2ª ETAPA_PVI2_INEP32040300_1763_2024/1;PRÁTICAS E VIVÊNCIAS INTEGRADORAS II;6622
301;EEEFMHILDEBRANDOLUCAS_2ªN01EJA-EM_2ª ETAPA_PIPAT_INEP32040300_1146_2024/1;PROJETO INTEGRADOR DE PESQUISA E ARTICULAÇÃO COM O TERRITÓRIO;6622
302;EEEFMHILDEBRANDOLUCAS_2ªN02EJA-EM_2ª ETAPA_PIPAT_INEP32040300_4032_2024/1;PROJETO INTEGRADOR DE PESQUISA E ARTICULAÇÃO COM O TERRITÓRIO;6622
303;EEEFMHILDEBRANDOLUCAS_2ªV01EJA-EM_2ª ETAPA_PVI1_INEP32040300_1764_2024/1;PRÁTICAS E VIVÊNCIAS INTEGRADORAS I;6622
304;EEEFMHILDEBRANDOLUCAS_2ªV01EJA-EM_2ª ETAPA_PVI2_INEP32040300_1764_2024/1;PRÁTICAS E VIVÊNCIAS INTEGRADORAS II;6622
305;EEEFMHILDEBRANDOLUCAS_3ªM01EJA-EM_3ª ETAPA_PVI1_INEP32040300_1144_2024/1;PRÁTICAS E VIVÊNCIAS INTEGRADORAS I;6622
306;EEEFMHILDEBRANDOLUCAS_3ªM01EJA-EM_3ª ETAPA_PVI2_INEP32040300_1144_2024/1;PRÁTICAS E VIVÊNCIAS INTEGRADORAS II;6622
307;EEEFMHILDEBRANDOLUCAS_3ªM02EJA-EM_3ª ETAPA_PVI1_INEP32040300_2381_2024/1;PRÁTICAS E VIVÊNCIAS INTEGRADORAS I;6622
308;EEEFMHILDEBRANDOLUCAS_3ªM02EJA-EM_3ª ETAPA_PVI2_INEP32040300_2381_2024/1;PRÁTICAS E VIVÊNCIAS INTEGRADORAS II;6622
309;EEEFMHILDEBRANDOLUCAS_3ªN01EJA-EM_3ª ETAPA_PIPAT_INEP32040300_1765_2024/1;PROJETO INTEGRADOR DE PESQUISA E ARTICULAÇÃO COM O TERRITÓRIO;6622
310;EEEFMHILDEBRANDOLUCAS_3ªN02EJA-EM_3ª ETAPA_PIPAT_INEP32040300_2383_2024/1;PROJETO INTEGRADOR DE PESQUISA E ARTICULAÇÃO COM O TERRITÓRIO;6622
311;EEEFMHILDEBRANDOLUCAS_3ªV01EJA-EM_3ª ETAPA_PVI1_INEP32040300_1145_2024/1;PRÁTICAS E VIVÊNCIAS INTEGRADORAS I;6622
312;EEEFMHILDEBRANDOLUCAS_3ªV01EJA-EM_3ª ETAPA_PVI2_INEP32040300_1145_2024/1;PRÁTICAS E VIVÊNCIAS INTEGRADORAS II;6622
313;EEEFMIRMAMARIAHORTA_1ªN01-EM_EO_INEP32040334_532_2024;ESTUDO ORIENTADO;6622
314;EEEFMIRMAMARIAHORTA_1ªN01-EM_PROINPAC_INEP32040334_532_2024;;6622
315;EEEFMIRMAMARIAHORTA_1ªN01-EM_PV_INEP32040334_532_2024;PROJETO DE VIDA;6622
316;EEEFMIRMAMARIAHORTA_2ªN01-EM_PROINPAC_INEP32040334_1158_2024;;6622
317;EEEFMIRMAMARIAHORTA_3ªN01-EM_PROINPAC_INEP32040334_1778_2024;;6622
318;EEEFMMAJORALFREDOPEDRORABAYOLLI_1ªN01-EJA-EM_1ª ETAPA_PIPAT_INEP32040725_595_2024/1;PROJETO INTEGRADOR DE PESQUISA E ARTICULAÇÃO COM O TERRITÓRIO;6622
319;EEEFMMAJORALFREDOPEDRORABAYOLLI_2ªN01-EJA-EM_2ª ETAPA_PIPAT_INEP32040725_1225_2024/1;PROJETO INTEGRADOR DE PESQUISA E ARTICULAÇÃO COM O TERRITÓRIO;6622
320;EEEFMMAJORALFREDOPEDRORABAYOLLI_3ªN01-EJA-EM_3ª ETAPA_PIPAT_INEP32040725_2452_2024/1;PROJETO INTEGRADOR DE PESQUISA E ARTICULAÇÃO COM O TERRITÓRIO;6622
321;EEEFMMAJORALFREDOPEDRORABAYOLLI_3ªN02-EJA-EM_3ª ETAPA_PIPAT_INEP32040725_3022_2024/1;PROJETO INTEGRADOR DE PESQUISA E ARTICULAÇÃO COM O TERRITÓRIO;6622
322;EEEMCOLEGIOESTADUALDOESPIRITOSANTO_1ªN01-EJA-EM_1ª ETAPA_PIPAT_INEP32040067_817_2024/1;PROJETO INTEGRADOR DE PESQUISA E ARTICULAÇÃO COM O TERRITÓRIO;6622
323;EEEMCOLEGIOESTADUALDOESPIRITOSANTO_2ªN01-EJA-EM_2ª ETAPA_PIPAT_INEP32040067_1457_2024/1;PROJETO INTEGRADOR DE PESQUISA E ARTICULAÇÃO COM O TERRITÓRIO;6622
324;EEEMCOLEGIOESTADUALDOESPIRITOSANTO_3ªN01-EJA-EM_3ª ETAPA_PIPAT_INEP32040067_2090_2024/1;PROJETO INTEGRADOR DE PESQUISA E ARTICULAÇÃO COM O TERRITÓRIO;6622
325;EEEFMANALOPESBALESTRERO_1ªN01-EJA-EM_1ª ETAPA_PIPAT_INEP32034016_2819_2024/1;PROJETO INTEGRADOR DE PESQUISA E ARTICULAÇÃO COM O TERRITÓRIO;6622
326;EEEFMANALOPESBALESTRERO_2ªN01-EJA-EM_2ª ETAPA_PIPAT_INEP32034016_4391_2024/1;PROJETO INTEGRADOR DE PESQUISA E ARTICULAÇÃO COM O TERRITÓRIO;6622
327;EEEFMANALOPESBALESTRERO_3ªN01-EJA-EM_3ª ETAPA_PIPAT_INEP32034016_4840_2024/1;PROJETO INTEGRADOR DE PESQUISA E ARTICULAÇÃO COM O TERRITÓRIO;6622
328;EEEFMANALOPESBALESTRERO_3ªN02-EJA-EM_3ª ETAPA_PIPAT_INEP32034016_5247_2024/1;PROJETO INTEGRADOR DE PESQUISA E ARTICULAÇÃO COM O TERRITÓRIO;6622
329;EEEFMDRJOSEMOYSES_1ªN01-EJA-EM_1ª ETAPA_PIPAT_INEP32076410_459_2024/1;PROJETO INTEGRADOR DE PESQUISA E ARTICULAÇÃO COM O TERRITÓRIO;6622
330;EEEFMDRJOSEMOYSES_2ªN01-EJA-EM_2ª ETAPA_PIPAT_INEP32076410_1085_2024/1;PROJETO INTEGRADOR DE PESQUISA E ARTICULAÇÃO COM O TERRITÓRIO;6622
331;EEEFMDRJOSEMOYSES_3ªN01-EJA-EM_3ª ETAPA_PIPAT_INEP32076410_1707_2024/1;PROJETO INTEGRADOR DE PESQUISA E ARTICULAÇÃO COM O TERRITÓRIO;6622
332;EEEFMDRJOSEMOYSES_3ªN02-EJA-EM_3ª ETAPA_PIPAT_INEP32076410_2326_2024/1;PROJETO INTEGRADOR DE PESQUISA E ARTICULAÇÃO COM O TERRITÓRIO;6622
333;EEEFMHUNNEYEVERESTPIOVESAN_1ªN01EJA-EM_1ª ETAPA_PIPAT_INEP32035039_524_2024/1;PROJETO INTEGRADOR DE PESQUISA E ARTICULAÇÃO COM O TERRITÓRIO;6622
334;EEEFMHUNNEYEVERESTPIOVESAN_2ªN01EJA-EM_2ª ETAPA_PIPAT_INEP32035039_1151_2024/1;PROJETO INTEGRADOR DE PESQUISA E ARTICULAÇÃO COM O TERRITÓRIO;6622
335;EEEFMHUNNEYEVERESTPIOVESAN_2ªV01EJA-EM_2ª ETAPA_PVI1_INEP32035039_6756_2024/1;PRÁTICAS E VIVÊNCIAS INTEGRADORAS I;6622
336;EEEFMHUNNEYEVERESTPIOVESAN_2ªV01EJA-EM_2ª ETAPA_PVI2_INEP32035039_6756_2024/1;PRÁTICAS E VIVÊNCIAS INTEGRADORAS II;6622
337;EEEFMHUNNEYEVERESTPIOVESAN_3ªN01EJA-EM_3ª ETAPA_PIPAT_INEP32035039_1770_2024/1;PROJETO INTEGRADOR DE PESQUISA E ARTICULAÇÃO COM O TERRITÓRIO;6622
338;EEEFMHUNNEYEVERESTPIOVESAN_3ªV01EJA-EM_3ª ETAPA_PVI1_INEP32035039_6800_2024/1;PRÁTICAS E VIVÊNCIAS INTEGRADORAS I;6622
339;EEEFMHUNNEYEVERESTPIOVESAN_3ªV01EJA-EM_3ª ETAPA_PVI2_INEP32035039_6800_2024/1;PRÁTICAS E VIVÊNCIAS INTEGRADORAS II;6622
340;EEEFMJESUSCRISTOREI_1ªN01-EJA-EM_1ª ETAPA_PIPAT_INEP32034652_546_2024/1;PROJETO INTEGRADOR DE PESQUISA E ARTICULAÇÃO COM O TERRITÓRIO;6622
341;EEEFMJESUSCRISTOREI_2ªM01-EJA-EM_2ª ETAPA_PVI1_INEP32034652_6370_2024/1;PRÁTICAS E VIVÊNCIAS INTEGRADORAS I;6622
342;EEEFMJESUSCRISTOREI_2ªM01-EJA-EM_2ª ETAPA_PVI2_INEP32034652_6370_2024/1;PRÁTICAS E VIVÊNCIAS INTEGRADORAS II;6622
343;EEEFMJESUSCRISTOREI_2ªN01-EJA-EM_2ª ETAPA_PIPAT_INEP32034652_1172_2024/1;PROJETO INTEGRADOR DE PESQUISA E ARTICULAÇÃO COM O TERRITÓRIO;6622
344;EEEFMJESUSCRISTOREI_3ªM01-EJA-EM_3ª ETAPA_PVI1_INEP32034652_6514_2024/1;PRÁTICAS E VIVÊNCIAS INTEGRADORAS I;6622
345;EEEFMJESUSCRISTOREI_3ªM01-EJA-EM_3ª ETAPA_PVI2_INEP32034652_6514_2024/1;PRÁTICAS E VIVÊNCIAS INTEGRADORAS II;6622
346;EEEFMJESUSCRISTOREI_3ªN01-EJA-EM_3ª ETAPA_PIPAT_INEP32034652_1792_2024/1;PROJETO INTEGRADOR DE PESQUISA E ARTICULAÇÃO COM O TERRITÓRIO;6622
347;EEEFMJOSERODRIGUESCOUTINHO_1ªN01-EJA-EM-ALG_1ª ETAPA_PIPAT_INEP32033826_569_2024/1;PROJETO INTEGRADOR DE PESQUISA E ARTICULAÇÃO COM O TERRITÓRIO;6622
348;EEEFMJOSERODRIGUESCOUTINHO_2ªN01-EJA-EM-ALG_2ª ETAPA_PIPAT_INEP32033826_1198_2024/1;PROJETO INTEGRADOR DE PESQUISA E ARTICULAÇÃO COM O TERRITÓRIO;6622
349;EEEFMJOSERODRIGUESCOUTINHO_3ªN01-EJA-EM-ALG_3ª ETAPA_PIPAT_INEP32033826_1816_2024/1;PROJETO INTEGRADOR DE PESQUISA E ARTICULAÇÃO COM O TERRITÓRIO;6622
350;EEEFMJOSEVITORFILHO_1ªN01-EJA-EM_1ª ETAPA_PIPAT_INEP32034644_573_2024/1;PROJETO INTEGRADOR DE PESQUISA E ARTICULAÇÃO COM O TERRITÓRIO;6622
351;EEEFMJOSEVITORFILHO_2ªN01-EJA-EM_2ª ETAPA_PIPAT_INEP32034644_1203_2024/1;PROJETO INTEGRADOR DE PESQUISA E ARTICULAÇÃO COM O TERRITÓRIO;6622
352;EEEFMJOSEVITORFILHO_3ªN01-EJA-EM_3ª ETAPA_PIPAT_INEP32034644_1821_2024/1;PROJETO INTEGRADOR DE PESQUISA E ARTICULAÇÃO COM O TERRITÓRIO;6622
353;EEEFMMARIADELOURDESPOYARESLABUTO_1ªN01-EJA-EM_1ª ETAPA_PIPAT_INEP32033796_600_2024/1;PROJETO INTEGRADOR DE PESQUISA E ARTICULAÇÃO COM O TERRITÓRIO;6622
354;EEEFMMARIADELOURDESPOYARESLABUTO_2ªN01-EJA-EM_2ª ETAPA_PIPAT_INEP32033796_1232_2024/1;PROJETO INTEGRADOR DE PESQUISA E ARTICULAÇÃO COM O TERRITÓRIO;6622
355;EEEFMMARIADELOURDESPOYARESLABUTO_3ªN01-EJA-EM_3ª ETAPA_PIPAT_INEP32033796_1853_2024/1;PROJETO INTEGRADOR DE PESQUISA E ARTICULAÇÃO COM O TERRITÓRIO;6622
356;EEEFMMARIANOFIRMEDESOUZA_1ªN01-EJA-EM_1ª ETAPA_PIPAT_INEP32034741_2465_2024/1;PROJETO INTEGRADOR DE PESQUISA E ARTICULAÇÃO COM O TERRITÓRIO;6622
357;EEEFMMARIANOFIRMEDESOUZA_2ªN01-EJA-EM_2ª ETAPA_PIPAT_INEP32034741_3586_2024/1;PROJETO INTEGRADOR DE PESQUISA E ARTICULAÇÃO COM O TERRITÓRIO;6622
358;EEEFMMARIANOFIRMEDESOUZA_3ªN01-EJA-EM_3ª ETAPA_PIPAT_INEP32034741_4570_2024/1;PROJETO INTEGRADOR DE PESQUISA E ARTICULAÇÃO COM O TERRITÓRIO;6622
359;EEEFMMARIANOFIRMEDESOUZA_8ªN01-EJA-EF_8ª ETAPA_PIPAT_INEP32034741_1863_2024/1;PROJETO INTEGRADOR DE PESQUISA E ARTICULAÇÃO COM O TERRITÓRIO;6622
360;EEEFMPROFJOAQUIMBARBOSAQUITIBA_2ªN01-EJA-EM_2ª ETAPA_PIPAT_INEP32035080_7346_2024/1;PROJETO INTEGRADOR DE PESQUISA E ARTICULAÇÃO COM O TERRITÓRIO;6622
361;EEEFMPROFJOAQUIMBARBOSAQUITIBA_3ªN01-EJA-EM_3ª ETAPA_PIPAT_INEP32035080_7347_2024/1;PROJETO INTEGRADOR DE PESQUISA E ARTICULAÇÃO COM O TERRITÓRIO;6622
362;EEEFMSATURNINORANGELMAURO_1ªN01-EJA-EM_1ª ETAPA_PIPAT_INEP32033940_7351_2024/1;PROJETO INTEGRADOR DE PESQUISA E ARTICULAÇÃO COM O TERRITÓRIO;6622
363;EEEFMSATURNINORANGELMAURO_2ªN01-EJA-EM_2ª ETAPA_PIPAT_INEP32033940_7352_2024/1;PROJETO INTEGRADOR DE PESQUISA E ARTICULAÇÃO COM O TERRITÓRIO;6622
364;EEEFMSATURNINORANGELMAURO_3ªN01-EJA-EM_3ª ETAPA_PIPAT_INEP32033940_7353_2024/1;PROJETO INTEGRADOR DE PESQUISA E ARTICULAÇÃO COM O TERRITÓRIO;6622
365;EEEFMALICEHOLZMEISTER_1ªN01-EJA-EM_1ª ETAPA_PIPAT_INEP32031661_7338_2024/1;PROJETO INTEGRADOR DE PESQUISA E ARTICULAÇÃO COM O TERRITÓRIO;6622
366;EEEFMGUILHERMINAHULDAKRUGERREINHOLZ_1ªN01-EM_EO_INEP32078625_518_2024;ESTUDO ORIENTADO;6622
367;EEEFMGUILHERMINAHULDAKRUGERREINHOLZ_1ªN01-EM_PROINPAC_INEP32078625_518_2024;;6622
368;EEEFMGUILHERMINAHULDAKRUGERREINHOLZ_1ªN01-EM_PV_INEP32078625_518_2024;PROJETO DE VIDA;6622
369;EEEFMGUILHERMINAHULDAKRUGERREINHOLZ_2ªN01-EM_PROINPAC_INEP32078625_1143_2024;;6622
370;EEEFMGUILHERMINAHULDAKRUGERREINHOLZ_3ªN01-EM_PROINPAC_INEP32078625_1762_2024;;6622
371;EEEMAUGUSTORUSCHI_1ªN01-EM_EO_INEP32065027_806_2024;ESTUDO ORIENTADO;6622
372;EEEMAUGUSTORUSCHI_1ªN01-EM_PROINPAC_INEP32065027_806_2024;;6622
373;EEEMAUGUSTORUSCHI_1ªN01-EM_PV_INEP32065027_806_2024;PROJETO DE VIDA;6622
374;EEEMAUGUSTORUSCHI_2ªN01-EM-MOD_PROINPAC_INEP32065027_2078_2024;;6622
375;EEEMAUGUSTORUSCHI_2ªN02-EM-MOD_PROINPAC_INEP32065027_2671_2024;;6622
376;EEEMAUGUSTORUSCHI_3ªN01-EM-MOD_PROINPAC_INEP32065027_3233_2024;;6622
377;EEEMAUGUSTORUSCHI_3ªN02-EM-MOD_PROINPAC_INEP32065027_3784_2024;;6622
378;EEEMIRMADULCELOPESPONTE_1ªN01-EJA-EM_1ª ETAPA_PIPAT_INEP32065051_4302_2024/1;PROJETO INTEGRADOR DE PESQUISA E ARTICULAÇÃO COM O TERRITÓRIO;6622
379;EEEMIRMADULCELOPESPONTE_2ªM01-EJA-EM_2ª ETAPA_PVI1_INEP32065051_4300_2024/1;PRÁTICAS E VIVÊNCIAS INTEGRADORAS I;6622
380;EEEMIRMADULCELOPESPONTE_2ªM01-EJA-EM_2ª ETAPA_PVI2_INEP32065051_4300_2024/1;PRÁTICAS E VIVÊNCIAS INTEGRADORAS II;6622
381;EEEMIRMADULCELOPESPONTE_2ªN01-EJA-EM_2ª ETAPA_PIPAT_INEP32065051_7333_2024/1;PROJETO INTEGRADOR DE PESQUISA E ARTICULAÇÃO COM O TERRITÓRIO;6622
382;EEEMIRMADULCELOPESPONTE_2ªN01-EJA-EP-ALG_2ª ETAPA_PIPAT_INEP32065051_4755_2024/1;PROJETO INTEGRADOR DE PESQUISA E ARTICULAÇÃO COM O TERRITÓRIO;6622
383;EEEMIRMADULCELOPESPONTE_2ªV01-EJA-EM_2ª ETAPA_PVI1_INEP32065051_7380_2024/1;PRÁTICAS E VIVÊNCIAS INTEGRADORAS I;6622
384;EEEMIRMADULCELOPESPONTE_2ªV01-EJA-EM_2ª ETAPA_PVI2_INEP32065051_7380_2024/1;PRÁTICAS E VIVÊNCIAS INTEGRADORAS II;6622
385;EEEMIRMADULCELOPESPONTE_2ªN01-EM-EFF_PROINPAC_INEP32065051_2111_2024;;6622
386;EEEMIRMADULCELOPESPONTE_2ªN02-EM-HUM_PROINPAC_INEP32065051_2701_2024;;6622
387;EEEMIRMADULCELOPESPONTE_3ªN01-EJA-EP-ALG_3ª ETAPA_PIPAT_INEP32065051_5151_2024/1;PROJETO INTEGRADOR DE PESQUISA E ARTICULAÇÃO COM O TERRITÓRIO;6622
388;EEEMIRMADULCELOPESPONTE_3ªN01-EM-EFF_PROINPAC_INEP32065051_3261_2024;;6622
389;EEEMIRMADULCELOPESPONTE_3ªN02-EM-HUM_PROINPAC_INEP32065051_3812_2024;;6622
390;EEEMIRMADULCELOPESPONTE_3ªN03-EM-NAR_PV_INEP32065051_7488_2024;PROJETO DE VIDA;6622
391;EEEFMDRJONESDOSSANTOSNEVES_1ªN01-EJA-EM_1ª ETAPA_PIPAT_INEP32009402_2895_2024/1;PROJETO INTEGRADOR DE PESQUISA E ARTICULAÇÃO COM O TERRITÓRIO;6622
392;EEEFMDRJONESDOSSANTOSNEVES_2ªN01-EJA-EM_2ª ETAPA_PIPAT_INEP32009402_3448_2024/1;PROJETO INTEGRADOR DE PESQUISA E ARTICULAÇÃO COM O TERRITÓRIO;6622
393;EEEFMDRJONESDOSSANTOSNEVES_3ªN01-EJA-EM_3ª ETAPA_PIPAT_INEP32009402_4895_2024/1;PROJETO INTEGRADOR DE PESQUISA E ARTICULAÇÃO COM O TERRITÓRIO;6622
394;EEEFMDRJONESDOSSANTOSNEVES_8ªN01-EJA-EF_8ª ETAPA_PIPAT_INEP32009402_1084_2024/1;PROJETO INTEGRADOR DE PESQUISA E ARTICULAÇÃO COM O TERRITÓRIO;6622
395;CEEFMTICONDEDELINHARES_1ªN01-EJA-EM_1ª ETAPA_PIPAT_INEP32010702_2146_2024/1;PROJETO INTEGRADOR DE PESQUISA E ARTICULAÇÃO COM O TERRITÓRIO;6622
396;CEEFMTICONDEDELINHARES_2ªN01-EJA-EM_2ª ETAPA_PIPAT_INEP32010702_3289_2024/1;PROJETO INTEGRADOR DE PESQUISA E ARTICULAÇÃO COM O TERRITÓRIO;6622
397;CEEFMTICONDEDELINHARES_3ªN01-EJA-EM_3ª ETAPA_PIPAT_INEP32010702_3838_2024/1;PROJETO INTEGRADOR DE PESQUISA E ARTICULAÇÃO COM O TERRITÓRIO;6622
398;CEEFMTICONDEDELINHARES_7ªN01-EJA-EF_7ª ETAPA_PIPAT_INEP32010702_901_2024/1;PROJETO INTEGRADOR DE PESQUISA E ARTICULAÇÃO COM O TERRITÓRIO;6622
399;CEEFMTICONDEDELINHARES_8ªN01-EJA-EF_8ª ETAPA_PIPAT_INEP32010702_1517_2024/1;PROJETO INTEGRADOR DE PESQUISA E ARTICULAÇÃO COM O TERRITÓRIO;6622
400;EEEFMGERALDOVARGASNOGUEIRA_1ªN01-EM_EO_INEP32010710_1129_2024;ESTUDO ORIENTADO;6622
401;EEEFMGERALDOVARGASNOGUEIRA_1ªN01-EM_PROINPAC_INEP32010710_1129_2024;;6622
402;EEEFMGERALDOVARGASNOGUEIRA_1ªN01-EM_PV_INEP32010710_1129_2024;PROJETO DE VIDA;6622
403;EEEFMGERALDOVARGASNOGUEIRA_2ªN01-EM-MOD_PROINPAC_INEP32010710_1748_2024;;6622
404;EEEFMGERALDOVARGASNOGUEIRA_3ªN01-EM-MOD_PROINPAC_INEP32010710_2368_2024;;6622
405;EEEFMPROFCAROLINAPICHLER_1ªN01-EJA-EM_1ª ETAPA_PIPAT_INEP32010745_3135_2024/1;PROJETO INTEGRADOR DE PESQUISA E ARTICULAÇÃO COM O TERRITÓRIO;6622
406;EEEFMPROFCAROLINAPICHLER_2ªN01-EJA-EM_2ª ETAPA_PIPAT_INEP32010745_2565_2024/1;PROJETO INTEGRADOR DE PESQUISA E ARTICULAÇÃO COM O TERRITÓRIO;6622
407;EEEFMPROFCAROLINAPICHLER_3ªN01-EJA-EM-AAD_3ª ETAPA_PIPAT_INEP32010745_3680_2024/1;PROJETO INTEGRADOR DE PESQUISA E ARTICULAÇÃO COM O TERRITÓRIO;6622
408;EEEFMPROFCAROLINAPICHLER_4ªN01-EJA-EM-AAD_4ª ETAPA_PIPAT_INEP32010745_5063_2024/1;PROJETO INTEGRADOR DE PESQUISA E ARTICULAÇÃO COM O TERRITÓRIO;6622
409;EEEFMPROFCAROLINAPICHLER_7ªV01-EJA-EF_7ª ETAPA_PVI1_INEP32010745_2564_2024/1;PRÁTICAS E VIVÊNCIAS INTEGRADORAS I;6622
410;EEEFMPROFCAROLINAPICHLER_7ªV01-EJA-EF_7ª ETAPA_PVI2_INEP32010745_2564_2024/1;PRÁTICAS E VIVÊNCIAS INTEGRADORAS II;6622
411;EEEFMARARIBOIA_3ªN01-EJA-EM_3ª ETAPA_PIPAT_INEP32013272_2268_2024/1;PROJETO INTEGRADOR DE PESQUISA E ARTICULAÇÃO COM O TERRITÓRIO;6622
412;CEEFMTIARISTEUAGUIAR_3ªN01-EJA-EM_3ª ETAPA_PIPAT_INEP32045379_3832_2024/1;PROJETO INTEGRADOR DE PESQUISA E ARTICULAÇÃO COM O TERRITÓRIO;6622
413;EEEFMSIRENAREZENDEFONSECA_4ªN01-EJA-EP-AAD_4ª ETAPA_PIPAT_INEP32046103_3748_2024/1;PROJETO INTEGRADOR DE PESQUISA E ARTICULAÇÃO COM O TERRITÓRIO;6622
414;EEEFMCANDIDAPOVOA_3ªN01-EJA-EP-CID_3ª ETAPA_PIPAT_INEP32050984_2294_2024/1;PROJETO INTEGRADOR DE PESQUISA E ARTICULAÇÃO COM O TERRITÓRIO;6622
415;EEEFMCANDIDAPOVOA_4ªN01-EJA-EP-CID_4ª ETAPA_PIPAT_INEP32050984_2860_2024/1;PROJETO INTEGRADOR DE PESQUISA E ARTICULAÇÃO COM O TERRITÓRIO;6622
416;EEEFMHORACIOPLINIO_1ªN1EPOUT_1ª ETAPA_PIPAT_INEP32051840_2954_2024/1;PROJETO INTEGRADOR DE PESQUISA E ARTICULAÇÃO COM O TERRITÓRIO;6622
417;EEEFMHORACIOPLINIO_2ªN1EPOUT_2ª ETAPA_PIPAT_INEP32051840_3509_2024/1;PROJETO INTEGRADOR DE PESQUISA E ARTICULAÇÃO COM O TERRITÓRIO;6622
418;EEEFMHORACIOPLINIO_3ªN1EPOUT_3ª ETAPA_PIPAT_INEP32051840_4036_2024/1;PROJETO INTEGRADOR DE PESQUISA E ARTICULAÇÃO COM O TERRITÓRIO;6622
419;EEEFMHORACIOPLINIO_4ªN1EPOUT_4ª ETAPA_PIPAT_INEP32051840_4935_2024/1;PROJETO INTEGRADOR DE PESQUISA E ARTICULAÇÃO COM O TERRITÓRIO;6622
420;EEEFMPEDRODEALCANTARAGALVEAS_2ªN01-EJA-EM-AAD_2ª ETAPA_PIPAT_INEP32046634_6532_2024/1;PROJETO INTEGRADOR DE PESQUISA E ARTICULAÇÃO COM O TERRITÓRIO;6622
421;EEEFMPEDRODEALCANTARAGALVEAS_3ªN01-EJA-EM-AAD_3ª ETAPA_PIPAT_INEP32046634_5402_2024/1;PROJETO INTEGRADOR DE PESQUISA E ARTICULAÇÃO COM O TERRITÓRIO;6622
422;EEEFMPEDRODEALCANTARAGALVEAS_4ªN01-EJA-EM-AAD_4ª ETAPA_PIPAT_INEP32046634_1917_2024/1;PROJETO INTEGRADOR DE PESQUISA E ARTICULAÇÃO COM O TERRITÓRIO;6622
423;CEEFMTIMONSENHORMIGUELDESANCTIS_1ªN01-EJA-EM_1ª ETAPA_PIPAT_INEP32047002_2159_2024/1;PROJETO INTEGRADOR DE PESQUISA E ARTICULAÇÃO COM O TERRITÓRIO;6622
424;CEEFMTIMONSENHORMIGUELDESANCTIS_2ªN01-EJA-EM_2ª ETAPA_PIPAT_INEP32047002_3303_2024/1;PROJETO INTEGRADOR DE PESQUISA E ARTICULAÇÃO COM O TERRITÓRIO;6622
425;CEEFMTIMONSENHORMIGUELDESANCTIS_3ªN01-EJA-EM_3ª ETAPA_PIPAT_INEP32047002_2741_2024/1;PROJETO INTEGRADOR DE PESQUISA E ARTICULAÇÃO COM O TERRITÓRIO;6622
426;CEEFMTIMONSENHORMIGUELDESANCTIS_8ªN01-EJA-EF_8ª ETAPA_PIPAT_INEP32047002_2140_2024/1;PROJETO INTEGRADOR DE PESQUISA E ARTICULAÇÃO COM O TERRITÓRIO;6622
427;EEEFMPROFMARIATRINDADEOLIVEIRA_1ªN01-EJA-EM_1ª ETAPA_PIPAT_INEP32047720_6013_2024/1;PROJETO INTEGRADOR DE PESQUISA E ARTICULAÇÃO COM O TERRITÓRIO;6622
428;EEEFMPROFMARIATRINDADEOLIVEIRA_2ªN01-EJA-EM_2ª ETAPA_PIPAT_INEP32047720_6225_2024/1;PROJETO INTEGRADOR DE PESQUISA E ARTICULAÇÃO COM O TERRITÓRIO;6622
429;EEEFMPROFMARIATRINDADEOLIVEIRA_3ªN01-EJA-EM_3ª ETAPA_PIPAT_INEP32047720_6692_2024/1;PROJETO INTEGRADOR DE PESQUISA E ARTICULAÇÃO COM O TERRITÓRIO;6622
430;EEEFMPROFMARIATRINDADEOLIVEIRA_8ªN01-EJA-EF_8ª ETAPA_PIPAT_INEP32047720_5748_2024/1;PROJETO INTEGRADOR DE PESQUISA E ARTICULAÇÃO COM O TERRITÓRIO;6622
431;EEEFMBERNARDOHORTA_1ªN01-EJA-EM_1ª ETAPA_PIPAT_INEP32048459_5608_2024/1;PROJETO INTEGRADOR DE PESQUISA E ARTICULAÇÃO COM O TERRITÓRIO;6622
432;EEEFMBERNARDOHORTA_4ªN01-EJA-EP-AAD_4ª ETAPA_PIPAT_INEP32048459_6600_2024/1;PROJETO INTEGRADOR DE PESQUISA E ARTICULAÇÃO COM O TERRITÓRIO;6622
433;EEEFMSANTISSIMATRINDADE_1ªN01-EJA-EM-AAD_1ª ETAPA_PIPAT_INEP32078587_6242_2024/1;PROJETO INTEGRADOR DE PESQUISA E ARTICULAÇÃO COM O TERRITÓRIO;6622
434;EEEFMSANTISSIMATRINDADE_2ªN01-EJA-EM-AAD_2ª ETAPA_PIPAT_INEP32078587_6408_2024/1;PROJETO INTEGRADOR DE PESQUISA E ARTICULAÇÃO COM O TERRITÓRIO;6622
435;EEEFMSANTISSIMATRINDADE_3ªN01-EJA-EM-AAD_3ª ETAPA_PIPAT_INEP32078587_6544_2024/1;PROJETO INTEGRADOR DE PESQUISA E ARTICULAÇÃO COM O TERRITÓRIO;6622
436;EEEFMSANTISSIMATRINDADE_4ªN01-EJA-EM-AAD_4ª ETAPA_PIPAT_INEP32078587_2601_2024/1;PROJETO INTEGRADOR DE PESQUISA E ARTICULAÇÃO COM O TERRITÓRIO;6622
437;CEEFMTIBRAULIOFRANCO_2ªN01-EM-TVC_PROINPAC_INEP32049536_3286_2024;;6622
438;CEEFMTIBRAULIOFRANCO_3ªN01-EM-TVC_PROINPAC_INEP32049536_3835_2024;;6622
439;EEEMMENINOJESUS_1ªN01-EM_EO_INEP32078536_843_2024;ESTUDO ORIENTADO;6622
440;EEEMMENINOJESUS_1ªN01-EM_PROINPAC_INEP32078536_843_2024;;6622
441;EEEMMENINOJESUS_1ªN01-EM_PV_INEP32078536_843_2024;PROJETO DE VIDA;6622
442;EEEMMENINOJESUS_2ªN01-EM-ESP_PROINPAC_INEP32078536_1484_2024;;6622
443;EEEMMENINOJESUS_3ªN01-EM-ESP_PROINPAC_INEP32078536_2116_2024;;6622
444;EEEMPROFMARIACANDIDOKNEIPP_1ªN01-EM_EO_INEP32079214_854_2024;ESTUDO ORIENTADO;6622
445;EEEMPROFMARIACANDIDOKNEIPP_1ªN01-EM_PROINPAC_INEP32079214_854_2024;;6622
446;EEEMPROFMARIACANDIDOKNEIPP_1ªN01-EM_PV_INEP32079214_854_2024;PROJETO DE VIDA;6622
447;EEEMPROFMARIACANDIDOKNEIPP_2ªN01-EM-ENE_PROINPAC_INEP32079214_1495_2024;;6622
448;EEEMPROFMARIACANDIDOKNEIPP_3ªN01-EM-ENE_PROINPAC_INEP32079214_2128_2024;;6622
449;EEEFMMERCESGARCIAVIEIRA_3ªN01-EJA-EM-AAD_3ª ETAPA_PIPAT_INEP32058268_1250_2024/1;PROJETO INTEGRADOR DE PESQUISA E ARTICULAÇÃO COM O TERRITÓRIO;6622
450;EEEFMMERCESGARCIAVIEIRA_4ªN01-EJA-EM-AAD_4ª ETAPA_PIPAT_INEP32058268_1873_2024/1;PROJETO INTEGRADOR DE PESQUISA E ARTICULAÇÃO COM O TERRITÓRIO;6622
451;EEEFMCABOCLOBERNARDO_3ªN01-EJA-EM_3ª ETAPA_PIPAT_INEP32020341_5609_2024/1;PROJETO INTEGRADOR DE PESQUISA E ARTICULAÇÃO COM O TERRITÓRIO;6622
452;EEEFMDYLIOPENEDO_1ªN01-EJA-EM_1ª ETAPA_PIPAT_INEP32020180_6778_2024/1;PROJETO INTEGRADOR DE PESQUISA E ARTICULAÇÃO COM O TERRITÓRIO;6622
453;EEEFMDYLIOPENEDO_2ªN01-EJA-EM_2ª ETAPA_PIPAT_INEP32020180_6861_2024/1;PROJETO INTEGRADOR DE PESQUISA E ARTICULAÇÃO COM O TERRITÓRIO;6622
454;EEEFMDYLIOPENEDO_3ªN01-EJA-EM_3ª ETAPA_PIPAT_INEP32020180_5175_2024/1;PROJETO INTEGRADOR DE PESQUISA E ARTICULAÇÃO COM O TERRITÓRIO;6622
455;EEEFMERMENTINALEAL_1ªN01-EJA-EM_1ª ETAPA_PIPAT_INEP32020333_3463_2024/1;PROJETO INTEGRADOR DE PESQUISA E ARTICULAÇÃO COM O TERRITÓRIO;6622
456;EEEFMERMENTINALEAL_2ªN01-EJA-EM_2ª ETAPA_PIPAT_INEP32020333_5299_2024/1;PROJETO INTEGRADOR DE PESQUISA E ARTICULAÇÃO COM O TERRITÓRIO;6622
457;EEEFMERMENTINALEAL_3ªN01-EJA-EM_3ª ETAPA_PIPAT_INEP32020333_4470_2024/1;PROJETO INTEGRADOR DE PESQUISA E ARTICULAÇÃO COM O TERRITÓRIO;6622
458;EEEFMMISAELPINTONETTO_1ªN01-EJA-EM_1ª ETAPA_PIPAT_INEP32073330_3050_2024/1;PROJETO INTEGRADOR DE PESQUISA E ARTICULAÇÃO COM O TERRITÓRIO;6622
459;EEEFMMISAELPINTONETTO_2ªN01-EJA-EM_2ª ETAPA_PIPAT_INEP32073330_5698_2024/1;PROJETO INTEGRADOR DE PESQUISA E ARTICULAÇÃO COM O TERRITÓRIO;6622
460;EEEFMMISAELPINTONETTO_3ªN01-EJA-EM_3ª ETAPA_PIPAT_INEP32073330_5977_2024/1;PROJETO INTEGRADOR DE PESQUISA E ARTICULAÇÃO COM O TERRITÓRIO;6622
461;EEEFMMISAELPINTONETTO_7ªN01-EJA-EF_7ª ETAPA_PIPAT_INEP32073330_1876_2024/1;PROJETO INTEGRADOR DE PESQUISA E ARTICULAÇÃO COM O TERRITÓRIO;6622
462;EEEFMMISAELPINTONETTO_8ªN01-EJA-EF_8ª ETAPA_PIPAT_INEP32073330_2477_2024/1;PROJETO INTEGRADOR DE PESQUISA E ARTICULAÇÃO COM O TERRITÓRIO;6622
463;EEIEFMALDEIACAIEIRASVELHA_1ªN01-EJA-EM_1ª ETAPA_PIPAT_INEP32081294_2133_2024/1;PROJETO INTEGRADOR DE PESQUISA E ARTICULAÇÃO COM O TERRITÓRIO;6622
464;EEIEFMALDEIACAIEIRASVELHA_2ªN01-EJA-EM_2ª ETAPA_PIPAT_INEP32081294_3828_2024/1;PROJETO INTEGRADOR DE PESQUISA E ARTICULAÇÃO COM O TERRITÓRIO;6622
465;EEIEFMALDEIACAIEIRASVELHA_3ªN01-EJA-EM_3ª ETAPA_PIPAT_INEP32081294_3278_2024/1;PROJETO INTEGRADOR DE PESQUISA E ARTICULAÇÃO COM O TERRITÓRIO;6622
466;EEEFMNARCEUDEPAIVAFILHO_1ªN01-EJA-EM_1ª ETAPA_PIPAT_INEP32021194_6579_2024/1;PROJETO INTEGRADOR DE PESQUISA E ARTICULAÇÃO COM O TERRITÓRIO;6622
467;EEEFMNARCEUDEPAIVAFILHO_2ªN01-EJA-EM_2ª ETAPA_PIPAT_INEP32021194_7216_2024/1;PROJETO INTEGRADOR DE PESQUISA E ARTICULAÇÃO COM O TERRITÓRIO;6622
468;EEEFMNARCEUDEPAIVAFILHO_3ªN01-EJA-EM_3ª ETAPA_PIPAT_INEP32021194_7217_2024/1;PROJETO INTEGRADOR DE PESQUISA E ARTICULAÇÃO COM O TERRITÓRIO;6622
469;EEEFMJOAONEIVA_1ªN01-EJA-EM_1ª ETAPA_PIPAT_INEP32021550_1179_2024/1;PROJETO INTEGRADOR DE PESQUISA E ARTICULAÇÃO COM O TERRITÓRIO;6622
470;EEEFMJOAONEIVA_2ªN01-EJA-EM_2ª ETAPA_PIPAT_INEP32021550_1799_2024/1;PROJETO INTEGRADOR DE PESQUISA E ARTICULAÇÃO COM O TERRITÓRIO;6622
471;EEEFMJOAONEIVA_3ªN01-EJA-EM_3ª ETAPA_PIPAT_INEP32021550_2980_2024/1;PROJETO INTEGRADOR DE PESQUISA E ARTICULAÇÃO COM O TERRITÓRIO;6622
472;EEEFMJOAONEIVA_8ªN01-EJA-EF_8ª ETAPA_PIPAT_INEP32021550_4529_2024/1;PROJETO INTEGRADOR DE PESQUISA E ARTICULAÇÃO COM O TERRITÓRIO;6622
473;EEEFMPOLIVALENTEDELINHARESI_1ªN01-EJA-EM_1ª ETAPA_PIPAT_INEP32022212_2519_2024/1;PROJETO INTEGRADOR DE PESQUISA E ARTICULAÇÃO COM O TERRITÓRIO;6622
474;EEEFMPOLIVALENTEDELINHARESI_2ªN01-EJA-EM_2ª ETAPA_PIPAT_INEP32022212_3636_2024/1;PROJETO INTEGRADOR DE PESQUISA E ARTICULAÇÃO COM O TERRITÓRIO;6622
475;EEEFMPOLIVALENTEDELINHARESI_3ªN01-EJA-EM_3ª ETAPA_PIPAT_INEP32022212_4610_2024/1;PROJETO INTEGRADOR DE PESQUISA E ARTICULAÇÃO COM O TERRITÓRIO;6622
476;EEEFMPOLIVALENTEDELINHARESI_7ªN01-EJA-EF_7ª ETAPA_PIPAT_INEP32022212_1298_2024/1;PROJETO INTEGRADOR DE PESQUISA E ARTICULAÇÃO COM O TERRITÓRIO;6622
477;EEEFMPOLIVALENTEDELINHARESI_8ªN01EJA-EF_8ª ETAPA_PIPAT_INEP32022212_1922_2024/1;PROJETO INTEGRADOR DE PESQUISA E ARTICULAÇÃO COM O TERRITÓRIO;6622
478;EEEFMPROFESSORMANOELABREU_1ªN01-EJA-EM_1ª ETAPA_PIPAT_INEP32022778_7192_2024/1;PROJETO INTEGRADOR DE PESQUISA E ARTICULAÇÃO COM O TERRITÓRIO;6622
479;EEEFMPROFESSORMANOELABREU_2ªN01-EJA-EM_2ª ETAPA_PIPAT_INEP32022778_7193_2024/1;PROJETO INTEGRADOR DE PESQUISA E ARTICULAÇÃO COM O TERRITÓRIO;6622
480;EEEFMPROFESSORMANOELABREU_3ªN01-EJA-EM_3ª ETAPA_PIPAT_INEP32022778_7276_2024/1;PROJETO INTEGRADOR DE PESQUISA E ARTICULAÇÃO COM O TERRITÓRIO;6622
481;EEEFMPROFESSORMANOELABREU_5ªN01-EJA-EF_5ª ETAPA_PIPAT_INEP32022778_7184_2024/1;PROJETO INTEGRADOR DE PESQUISA E ARTICULAÇÃO COM O TERRITÓRIO;6622
482;EEEFMPROFESSORMANOELABREU_6ªN01-EJA-EF_6ª ETAPA_PIPAT_INEP32022778_7188_2024/1;PROJETO INTEGRADOR DE PESQUISA E ARTICULAÇÃO COM O TERRITÓRIO;6622
483;EEEFMPROFESSORMANOELABREU_7ªN01-EJA-EF_7ª ETAPA_PIPAT_INEP32022778_7189_2024/1;PROJETO INTEGRADOR DE PESQUISA E ARTICULAÇÃO COM O TERRITÓRIO;6622
484;EEEFMPROFESSORMANOELABREU_8ªN01-EJA-EF_8ª ETAPA_PIPAT_INEP32022778_7190_2024/1;PROJETO INTEGRADOR DE PESQUISA E ARTICULAÇÃO COM O TERRITÓRIO;6622
485;EEEFMPROFESSORAREGINABANHOSPAIXAO_1ªN01-EJA-EM_1ª ETAPA_PIPAT_INEP32022158_6288_2024/1;PROJETO INTEGRADOR DE PESQUISA E ARTICULAÇÃO COM O TERRITÓRIO;6622
486;EEEFMPROFESSORAREGINABANHOSPAIXAO_2ªN01-EJA-EM_2ª ETAPA_PIPAT_INEP32022158_6453_2024/1;PROJETO INTEGRADOR DE PESQUISA E ARTICULAÇÃO COM O TERRITÓRIO;6622
487;EEEFMPROFESSORAREGINABANHOSPAIXAO_3ªN01-EJA-EM_3ª ETAPA_PIPAT_INEP32022158_6581_2024/1;PROJETO INTEGRADOR DE PESQUISA E ARTICULAÇÃO COM O TERRITÓRIO;6622
488;EEEMEMIRDEMACEDOGOMES_1ªN01-EJA-EM_1ª ETAPA_PIPAT_INEP32022360_827_2024/1;PROJETO INTEGRADOR DE PESQUISA E ARTICULAÇÃO COM O TERRITÓRIO;6622
489;EEEMEMIRDEMACEDOGOMES_2ªN01-EJA-EM_2ª ETAPA_PIPAT_INEP32022360_1468_2024/1;PROJETO INTEGRADOR DE PESQUISA E ARTICULAÇÃO COM O TERRITÓRIO;6622
490;EEEMEMIRDEMACEDOGOMES_3ªN01-EJA-EM_3ª ETAPA_PIPAT_INEP32022360_2101_2024/1;PROJETO INTEGRADOR DE PESQUISA E ARTICULAÇÃO COM O TERRITÓRIO;6622
491;EEEMEMIRDEMACEDOGOMES_6ªN01-EJA-EF_6ª ETAPA_PIPAT_INEP32022360_7183_2024/1;PROJETO INTEGRADOR DE PESQUISA E ARTICULAÇÃO COM O TERRITÓRIO;6622
492;EEEMEMIRDEMACEDOGOMES_7ªN01-EJA-EF_7ª ETAPA_PIPAT_INEP32022360_7185_2024/1;PROJETO INTEGRADOR DE PESQUISA E ARTICULAÇÃO COM O TERRITÓRIO;6622
493;EEEMEMIRDEMACEDOGOMES_8ªN01-EJA-EF_8ª ETAPA_PIPAT_INEP32022360_7187_2024/1;PROJETO INTEGRADOR DE PESQUISA E ARTICULAÇÃO COM O TERRITÓRIO;6622
494;EEEFMBANANAL_1ªN01-EJA-EM_1ª ETAPA_PIPAT_INEP32025149_2848_2024/1;PROJETO INTEGRADOR DE PESQUISA E ARTICULAÇÃO COM O TERRITÓRIO;6622
495;EEEFMBANANAL_2ªN01-EJA-EM_2ª ETAPA_PIPAT_INEP32025149_3940_2024/1;PROJETO INTEGRADOR DE PESQUISA E ARTICULAÇÃO COM O TERRITÓRIO;6622
496;EEEFMBANANAL_3ªN01-EJA-EM_3ª ETAPA_PIPAT_INEP32025149_4419_2024/1;PROJETO INTEGRADOR DE PESQUISA E ARTICULAÇÃO COM O TERRITÓRIO;6622
497;EEEFMBANANAL_7ªN01-EJA-EF_7ª ETAPA_PIPAT_INEP32025149_5264_2024/1;PROJETO INTEGRADOR DE PESQUISA E ARTICULAÇÃO COM O TERRITÓRIO;6622
498;EEEFMBANANAL_8ªN01-EJA-EF_8ª ETAPA_PIPAT_INEP32025149_5603_2024/1;PROJETO INTEGRADOR DE PESQUISA E ARTICULAÇÃO COM O TERRITÓRIO;6622
499;EEEFMARMANDOBARBOSAQUITIBA_1ªN01-EJA-EM_1ª ETAPA_PIPAT_INEP32023014_4413_2024/1;PROJETO INTEGRADOR DE PESQUISA E ARTICULAÇÃO COM O TERRITÓRIO;6622
500;EEEFMARMANDOBARBOSAQUITIBA_2ªN01-EJA-EM_2ª ETAPA_PIPAT_INEP32023014_4859_2024/1;PROJETO INTEGRADOR DE PESQUISA E ARTICULAÇÃO COM O TERRITÓRIO;6622
501;EEEFMARMANDOBARBOSAQUITIBA_3ªN01-EJA-EM_3ª ETAPA_PIPAT_INEP32023014_5260_2024/1;PROJETO INTEGRADOR DE PESQUISA E ARTICULAÇÃO COM O TERRITÓRIO;6622
502;EEEFMCANDIDOPORTINARI_1ªN01-EJA-EM_1ª ETAPA_PIPAT_INEP32079842_1673_2024/1;PROJETO INTEGRADOR DE PESQUISA E ARTICULAÇÃO COM O TERRITÓRIO;6622
503;EEEFMCANDIDOPORTINARI_2ªN01-EJA-EM_2ª ETAPA_PIPAT_INEP32079842_2861_2024/1;PROJETO INTEGRADOR DE PESQUISA E ARTICULAÇÃO COM O TERRITÓRIO;6622
504;EEEFMCANDIDOPORTINARI_3ªN01-EJA-EM_3ª ETAPA_PIPAT_INEP32079842_3417_2024/1;PROJETO INTEGRADOR DE PESQUISA E ARTICULAÇÃO COM O TERRITÓRIO;6622
505;EEEFMANTONIODOSSANTOSNEVES_1ªN01-EJA-EM_1ª ETAPA_PIPAT_INEP32005652_2258_2024/1;PROJETO INTEGRADOR DE PESQUISA E ARTICULAÇÃO COM O TERRITÓRIO;6622
506;EEEFMANTONIODOSSANTOSNEVES_2ªN01-EJA-EM_2ª ETAPA_PIPAT_INEP32005652_2830_2024/1;PROJETO INTEGRADOR DE PESQUISA E ARTICULAÇÃO COM O TERRITÓRIO;6622
507;EEEFMANTONIODOSSANTOSNEVES_3ªN01-EJA-EM_3ª ETAPA_PIPAT_INEP32005652_3381_2024/1;PROJETO INTEGRADOR DE PESQUISA E ARTICULAÇÃO COM O TERRITÓRIO;6622
508;EEEFMBELAVISTA_2ªN01-EJA-EP-AGE_2ª ETAPA_PIPAT_INEP32014708_6993_2024/1;PROJETO INTEGRADOR DE PESQUISA E ARTICULAÇÃO COM O TERRITÓRIO;6622
509;EEEFMBELAVISTA_4ªN01-EJA-EP-AGE_4ª ETAPA_PIPAT_INEP32014708_1042_2024/1;PROJETO INTEGRADOR DE PESQUISA E ARTICULAÇÃO COM O TERRITÓRIO;6622
510;EEEFMDOMJOSEDALVIT_1ªN01-EJA-EM_1ª ETAPA_PIPAT_INEP32014597_2886_2024/1;PROJETO INTEGRADOR DE PESQUISA E ARTICULAÇÃO COM O TERRITÓRIO;6622
511;EEEFMDOMJOSEDALVIT_2ªN01-EJA-EM_2ª ETAPA_PIPAT_INEP32014597_3440_2024/1;PROJETO INTEGRADOR DE PESQUISA E ARTICULAÇÃO COM O TERRITÓRIO;6622
512;EEEFMDOMJOSEDALVIT_3ªN01-EJA-EM_3ª ETAPA_PIPAT_INEP32014597_4888_2024/1;PROJETO INTEGRADOR DE PESQUISA E ARTICULAÇÃO COM O TERRITÓRIO;6622
513;EEEFMDOMJOSEDALVIT_7ªN01-EJA-EF_7ª ETAPA_PIPAT_INEP32014597_1697_2024/1;PROJETO INTEGRADOR DE PESQUISA E ARTICULAÇÃO COM O TERRITÓRIO;6622
514;EEEFMDOMJOSEDALVIT_8ªN01-EJA-EF_8ª ETAPA_PIPAT_INEP32014597_2317_2024/1;PROJETO INTEGRADOR DE PESQUISA E ARTICULAÇÃO COM O TERRITÓRIO;6622
515;EEEFMPAULOFREIRE_3ªN1-EJA-EM-AGE_3ª ETAPA_PIPAT_INEP32079478_7076_2024/1;PROJETO INTEGRADOR DE PESQUISA E ARTICULAÇÃO COM O TERRITÓRIO;6622
516;EEEFMDEMUCURICI_1ªN01-EJA-EM_1ª ETAPA_PIPAT_INEP32015089_1071_2024/1;PROJETO INTEGRADOR DE PESQUISA E ARTICULAÇÃO COM O TERRITÓRIO;6622
517;EEEFMDEMUCURICI_2ªN01-EJA-EM_2ª ETAPA_PIPAT_INEP32015089_1694_2024/1;PROJETO INTEGRADOR DE PESQUISA E ARTICULAÇÃO COM O TERRITÓRIO;6622
518;EEEFMDEMUCURICI_3ªN01-EJA-EM_3ª ETAPA_PIPAT_INEP32015089_2314_2024/1;PROJETO INTEGRADOR DE PESQUISA E ARTICULAÇÃO COM O TERRITÓRIO;6622
519;EEEFMJOSEANTONIODASILVAONOFRE_3ªN01-EJA-EM-AGE_3ª ETAPA_PIPAT_INEP32007744_6996_2024/1;PROJETO INTEGRADOR DE PESQUISA E ARTICULAÇÃO COM O TERRITÓRIO;6622
520;EEEFMJOSEANTONIODASILVAONOFRE_4ªN01-EJA-EM-AGE_4ª ETAPA_PIPAT_INEP32007744_7011_2024/1;PROJETO INTEGRADOR DE PESQUISA E ARTICULAÇÃO COM O TERRITÓRIO;6622
521;EEEMMARIADALVAGAMABERNABE_1ªN01-EJA-EM_1ª ETAPA_PIPAT_INEP32079435_4756_2024/1;PROJETO INTEGRADOR DE PESQUISA E ARTICULAÇÃO COM O TERRITÓRIO;6622
522;EEEMMARIADALVAGAMABERNABE_1ªN01-EM_EO_INEP32079435_838_2024;ESTUDO ORIENTADO;6622
523;EEEMMARIADALVAGAMABERNABE_1ªN01-EM_PROINPAC_INEP32079435_838_2024;;6622
524;EEEMMARIADALVAGAMABERNABE_1ªN01-EM_PV_INEP32079435_838_2024;PROJETO DE VIDA;6622
525;EEEMMARIADALVAGAMABERNABE_2ªN01-EJA-EM_2ª ETAPA_PIPAT_INEP32079435_250_2024/1;PROJETO INTEGRADOR DE PESQUISA E ARTICULAÇÃO COM O TERRITÓRIO;6622
526;EEEMMARIADALVAGAMABERNABE_2ªN01-EM-NAR_PROINPAC_INEP32079435_2702_2024;;6622
527;EEEMMARIADALVAGAMABERNABE_2ªN02-EM-ENE_PROINPAC_INEP32079435_3262_2024;;6622
528;EEEMMARIADALVAGAMABERNABE_3ªN01-EJA-EM_3ª ETAPA_PIPAT_INEP32079435_5523_2024/1;PROJETO INTEGRADOR DE PESQUISA E ARTICULAÇÃO COM O TERRITÓRIO;6622
529;EEEMMARIADALVAGAMABERNABE_3ªN01-EM-NAR_PROINPAC_INEP32079435_3813_2024;;6622
530;EEEMMARIADALVAGAMABERNABE_3ªN02-EM-ENE_PROINPAC_INEP32079435_4303_2024;;6622
531;EEEMMARIADALVAGAMABERNABE_4ªN01-EJA-EP-AGE_4ª ETAPA_PIPAT_INEP32079435_5826_2024/1;PROJETO INTEGRADOR DE PESQUISA E ARTICULAÇÃO COM O TERRITÓRIO;6622
532;EEEMZEFERINOOLIOSI_1ªN01-EM_EO_INEP32079451_858_2024;ESTUDO ORIENTADO;6622
533;EEEMZEFERINOOLIOSI_1ªN01-EM_PROINPAC_INEP32079451_858_2024;;6622
534;EEEMZEFERINOOLIOSI_1ªN01-EM_PV_INEP32079451_858_2024;PROJETO DE VIDA;6622
535;EEEMZEFERINOOLIOSI_2ªN01-EM-ENE_PROINPAC_INEP32079451_1499_2024;;6622
536;EEEMZEFERINOOLIOSI_3ªN01-EM-ENE_PROINPAC_INEP32079451_2132_2024;;6622
537;EEUEFASSENTAMENTOADAOPRETTO_1ªN01-EJA-EP-AGE_1ª ETAPA_PIPAT_INEP32080220_5189_2024/1;PROJETO INTEGRADOR DE PESQUISA E ARTICULAÇÃO COM O TERRITÓRIO;6622
538;EEEFMMARGEMDOITAUNINHAS_3ªN01-EJA-EM-AGE_3ª ETAPA_PIPAT_INEP32015496_1851_2024/1;PROJETO INTEGRADOR DE PESQUISA E ARTICULAÇÃO COM O TERRITÓRIO;6622
539;EEEFMSAOJOAODOSOBRADO_1ªN01-EM_EO_INEP32015550_745_2024;ESTUDO ORIENTADO;6622
540;EEEFMSAOJOAODOSOBRADO_1ªN01-EM_PROINPAC_INEP32015550_745_2024;;6622
541;EEEFMSAOJOAODOSOBRADO_1ªN01-EM_PV_INEP32015550_745_2024;PROJETO DE VIDA;6622
542;EEEFMSAOJOAODOSOBRADO_2ªN01-EM_PROINPAC_INEP32015550_3181_2024;;6622
543;EEEFMSAOJOAODOSOBRADO_2ªN02-EM_PROINPAC_INEP32015550_3726_2024;;6622
544;EEEFMSAOJOAODOSOBRADO_3ªN01-EM_PROINPAC_INEP32015550_2612_2024;;6622
545;EEEFMSATURNINORIBEIRODOSSANTOS_1ªN01-EJA-EM-AGE_1ª ETAPA_PIPAT_INEP32073712_1392_2024/1;PROJETO INTEGRADOR DE PESQUISA E ARTICULAÇÃO COM O TERRITÓRIO;6622
546;EEEFMSATURNINORIBEIRODOSSANTOS_2ªN01-EJA-EM-AGE_2ª ETAPA_PIPAT_INEP32073712_2020_2024/1;PROJETO INTEGRADOR DE PESQUISA E ARTICULAÇÃO COM O TERRITÓRIO;6622
547;EEEFMSATURNINORIBEIRODOSSANTOS_3ªN01-EJA-EM-AGE_3ª ETAPA_PIPAT_INEP32073712_2620_2024/1;PROJETO INTEGRADOR DE PESQUISA E ARTICULAÇÃO COM O TERRITÓRIO;6622
548;EEEMNOSSASENHORADELOURDES_1ªN01-EJA-EM_1ª ETAPA_PIPAT_INEP32015631_5526_2024/1;PROJETO INTEGRADOR DE PESQUISA E ARTICULAÇÃO COM O TERRITÓRIO;6622
549;EEEMNOSSASENHORADELOURDES_2ªN01-EJA-EM_2ª ETAPA_PIPAT_INEP32015631_6275_2024/1;PROJETO INTEGRADOR DE PESQUISA E ARTICULAÇÃO COM O TERRITÓRIO;6622
550;EEEMNOSSASENHORADELOURDES_3ªN01-EJA-EM_3ª ETAPA_PVI1_INEP32015631_4759_2024/1;PRÁTICAS E VIVÊNCIAS INTEGRADORAS I;6622
551;EEEMNOSSASENHORADELOURDES_3ªN01-EJA-EM_3ª ETAPA_PVI2_INEP32015631_4759_2024/1;PRÁTICAS E VIVÊNCIAS INTEGRADORAS II;6622
552;EEEFMITAMIRA_1ªN01-EJA-EM-AGE_1ª ETAPA_PIPAT_INEP32102011_1162_2024/1;PROJETO INTEGRADOR DE PESQUISA E ARTICULAÇÃO COM O TERRITÓRIO;6622
553;EEEFMITAMIRA_2ªN01-EJA-EM-AGE_2ª ETAPA_PIPAT_INEP32102011_1782_2024/1;PROJETO INTEGRADOR DE PESQUISA E ARTICULAÇÃO COM O TERRITÓRIO;6622
554;EEEFMITAMIRA_3ªN01-EJA-EM-AGE_3ª ETAPA_PIPAT_INEP32102011_2400_2024/1;PROJETO INTEGRADOR DE PESQUISA E ARTICULAÇÃO COM O TERRITÓRIO;6622
555;EEEFMITAMIRA_4ªN01-EJA-EM-AGE_4ª ETAPA_PIPAT_INEP32102011_2966_2024/1;PROJETO INTEGRADOR DE PESQUISA E ARTICULAÇÃO COM O TERRITÓRIO;6622
556;CEEFMTIGOVERNADORGERSONCAMATA_1ªN01-EJA-EP-ADC_1ª ETAPA_PIPAT_INEP32007876_7284_2024/1;PROJETO INTEGRADOR DE PESQUISA E ARTICULAÇÃO COM O TERRITÓRIO;6622
557;CEEFMTIGOVERNADORGERSONCAMATA_2ªN01-EJA-EP-ADC_2ª ETAPA_PIPAT_INEP32007876_7291_2024/1;PROJETO INTEGRADOR DE PESQUISA E ARTICULAÇÃO COM O TERRITÓRIO;6622
558;CEEFMTIGOVERNADORGERSONCAMATA_3ªN01-EJA-EP-ADC_3ª ETAPA_PIPAT_INEP32007876_7292_2024/1;PROJETO INTEGRADOR DE PESQUISA E ARTICULAÇÃO COM O TERRITÓRIO;6622
559;CEEFMTIGOVERNADORGERSONCAMATA_4ªN01-EJA-EP-ADC_4ª ETAPA_PIPAT_INEP32007876_7298_2024/1;PROJETO INTEGRADOR DE PESQUISA E ARTICULAÇÃO COM O TERRITÓRIO;6622
560;EEEFMCORREGODALAPA_3ªN01-EJA-EP-AGE_3ª ETAPA_PIPAT_INEP32007981_434_2024/1;PROJETO INTEGRADOR DE PESQUISA E ARTICULAÇÃO COM O TERRITÓRIO;6622
561;EEEFMFAZENDALOVO_3ªN01-EJA-EP-AGE_3ª ETAPA_PIPAT_INEP32008201_482_2024/1;PROJETO INTEGRADOR DE PESQUISA E ARTICULAÇÃO COM O TERRITÓRIO;6622
562;EEEFMSAOJOAOBATISTA_3ªN01-EJA-EM-AGE_3ª ETAPA_PIPAT_INEP32008104_742_2024/1;PROJETO INTEGRADOR DE PESQUISA E ARTICULAÇÃO COM O TERRITÓRIO;6622
563;EEUEFCORREGOBLEY_1ªN01-EJA-EP-AGE_1ª ETAPA_PIPAT_INEP32007965_865_2024/1;PROJETO INTEGRADOR DE PESQUISA E ARTICULAÇÃO COM O TERRITÓRIO;6622
564;EEEFMPROFANAPORTELADESA_1ªN01-EJA-EM_1ª ETAPA_PIPAT_INEP32006330_6855_2024/1;PROJETO INTEGRADOR DE PESQUISA E ARTICULAÇÃO COM O TERRITÓRIO;6622
565;EEEFMPROFANAPORTELADESA_2ªN01-EJA-EM_2ª ETAPA_PIPAT_INEP32006330_6853_2024/1;PROJETO INTEGRADOR DE PESQUISA E ARTICULAÇÃO COM O TERRITÓRIO;6622
566;EEEFMPROFANAPORTELADESA_3ªN01-EJA-EM_3ª ETAPA_PIPAT_INEP32006330_6835_2024/1;PROJETO INTEGRADOR DE PESQUISA E ARTICULAÇÃO COM O TERRITÓRIO;6622
567;EEEFMATILIOVIVACQUA_1ªN01-EJA-EM_1ª ETAPA_PIPAT_INEP32008503_4417_2024/1;PROJETO INTEGRADOR DE PESQUISA E ARTICULAÇÃO COM O TERRITÓRIO;6622
568;EEEFMATILIOVIVACQUA_1ªN01-EM_EO_INEP32008503_1655_2024;ESTUDO ORIENTADO;6622
569;EEEFMATILIOVIVACQUA_1ªN01-EM_PROINPAC_INEP32008503_1655_2024;;6622
570;EEEFMATILIOVIVACQUA_1ªN01-EM_PV_INEP32008503_1655_2024;PROJETO DE VIDA;6622
571;EEEFMATILIOVIVACQUA_2ªN01-EJA-EM_2ª ETAPA_PIPAT_INEP32008503_4863_2024/1;PROJETO INTEGRADOR DE PESQUISA E ARTICULAÇÃO COM O TERRITÓRIO;6622
572;EEEFMATILIOVIVACQUA_2ªN01-EM-MID_PROINPAC_INEP32008503_406_2024;;6622
573;EEEFMATILIOVIVACQUA_2ªN02-EM-EFF_PROINPAC_INEP32008503_1036_2024;;6622
574;EEEFMATILIOVIVACQUA_3ªN01-EJA-EM_3ª ETAPA_PIPAT_INEP32008503_6330_2024/1;PROJETO INTEGRADOR DE PESQUISA E ARTICULAÇÃO COM O TERRITÓRIO;6622
575;EEEFMATILIOVIVACQUA_3ªN01-EM-MID_PROINPAC_INEP32008503_3403_2024;;6622
576;EEEFMATILIOVIVACQUA_3ªN02-EM-EFF_PROINPAC_INEP32008503_3937_2024;;6622
577;EEEFMAUGUSTODEOLIVEIRA_1ªN01-EM_EO_INEP32096801_408_2024;ESTUDO ORIENTADO;6622
578;EEEFMAUGUSTODEOLIVEIRA_1ªN01-EM_PROINPAC_INEP32096801_408_2024;;6622
579;EEEFMAUGUSTODEOLIVEIRA_1ªN01-EM_PV_INEP32096801_408_2024;PROJETO DE VIDA;6622
580;EEEFMAUGUSTODEOLIVEIRA_2ªN01-EM-MID_PROINPAC_INEP32096801_1038_2024;;6622
581;EEEFMAUGUSTODEOLIVEIRA_3ªN01-EM-MID_PROINPAC_INEP32096801_1657_2024;;6622
582;EEEFMJOSECARLOSCASTRO_1ªN01-EJA-EM_1ª ETAPA_PIPAT_INEP32016387_1803_2024/1;PROJETO INTEGRADOR DE PESQUISA E ARTICULAÇÃO COM O TERRITÓRIO;6622
583;EEEFMJOSECARLOSCASTRO_2ªN01-EJA-EM_2ª ETAPA_PIPAT_INEP32016387_1183_2024/1;PROJETO INTEGRADOR DE PESQUISA E ARTICULAÇÃO COM O TERRITÓRIO;6622
584;EEEFMJOSECARLOSCASTRO_3ªN01-EJA-EM_3ª ETAPA_PIPAT_INEP32016387_554_2024/1;PROJETO INTEGRADOR DE PESQUISA E ARTICULAÇÃO COM O TERRITÓRIO;6622
585;EEEMDUNASDEITAUNAS_1ªN01-EM_EO_INEP32078650_2098_2024;ESTUDO ORIENTADO;6622
586;EEEMDUNASDEITAUNAS_1ªN01-EM_PROINPAC_INEP32078650_2098_2024;;6622
587;EEEMDUNASDEITAUNAS_1ªN01-EM_PV_INEP32078650_2098_2024;PROJETO DE VIDA;6622
588;EEEMDUNASDEITAUNAS_2ªN01-EM-HUM_PROINPAC_INEP32078650_2690_2024;;6622
589;EEEMDUNASDEITAUNAS_3ªN01-EM-HUM_PROINPAC_INEP32078650_1465_2024;;6622
590;EEEMPROFJOAQUIMFONSECA_1ªN01-EJA-EM_1ª ETAPA_PIPAT_INEP32016158_2123_2024/1;PROJETO INTEGRADOR DE PESQUISA E ARTICULAÇÃO COM O TERRITÓRIO;6622
591;EEEMPROFJOAQUIMFONSECA_2ªN01-EJA-EM_2ª ETAPA_PIPAT_INEP32016158_2710_2024/1;PROJETO INTEGRADOR DE PESQUISA E ARTICULAÇÃO COM O TERRITÓRIO;6622
592;EEEMPROFJOAQUIMFONSECA_3ªN01-EJA-EM_3ª ETAPA_PIPAT_INEP32016158_3270_2024/1;PROJETO INTEGRADOR DE PESQUISA E ARTICULAÇÃO COM O TERRITÓRIO;6622
593;EEEFMIRMATEREZAALTOE_1ªN01EJA-EM_1ª ETAPA_PIPAT_INEP32016662_4045_2024/1;PROJETO INTEGRADOR DE PESQUISA E ARTICULAÇÃO COM O TERRITÓRIO;6622
594;EEEFMIRMATEREZAALTOE_1ªN01-EM_EO_INEP32016662_535_2024;ESTUDO ORIENTADO;6622
595;EEEFMIRMATEREZAALTOE_1ªN01-EM_PROINPAC_INEP32016662_535_2024;;6622
596;EEEFMIRMATEREZAALTOE_1ªN01-EM_PV_INEP32016662_535_2024;PROJETO DE VIDA;6622
597;EEEFMIRMATEREZAALTOE_1ªN02-EM_EO_INEP32016662_1161_2024;ESTUDO ORIENTADO;6622
598;EEEFMIRMATEREZAALTOE_1ªN02-EM_PROINPAC_INEP32016662_1161_2024;;6622
599;EEEFMIRMATEREZAALTOE_1ªN02-EM_PV_INEP32016662_1161_2024;PROJETO DE VIDA;6622
600;EEEFMIRMATEREZAALTOE_2ªN01EJA-EM_2ª ETAPA_PIPAT_INEP32016662_4512_2024/1;PROJETO INTEGRADOR DE PESQUISA E ARTICULAÇÃO COM O TERRITÓRIO;6622
601;EEEFMIRMATEREZAALTOE_2ªN01-EM_PROINPAC_INEP32016662_1781_2024;;6622
602;EEEFMIRMATEREZAALTOE_2ªN02-EM_PROINPAC_INEP32016662_2399_2024;;6622
603;EEEFMIRMATEREZAALTOE_3ªN01EJA-EM_3ª ETAPA_PIPAT_INEP32016662_4943_2024/1;PROJETO INTEGRADOR DE PESQUISA E ARTICULAÇÃO COM O TERRITÓRIO;6622
604;EEEFMIRMATEREZAALTOE_3ªN01-EM_PROINPAC_INEP32016662_2965_2024;;6622
605;EEEFMIRMATEREZAALTOE_3ªN02-EM_PROINPAC_INEP32016662_3520_2024;;6622
606;EEEFMDREDWARDABREUDONASCIMENTO_1ªN01-EJA-EM_1ª ETAPA_PIPAT_INEP32017243_3978_2024/1;PROJETO INTEGRADOR DE PESQUISA E ARTICULAÇÃO COM O TERRITÓRIO;6622
607;EEEFMDREDWARDABREUDONASCIMENTO_2ªN01-EJA-EM_2ª ETAPA_PIPAT_INEP32017243_4452_2024/1;PROJETO INTEGRADOR DE PESQUISA E ARTICULAÇÃO COM O TERRITÓRIO;6622
608;EEEFMDREDWARDABREUDONASCIMENTO_3ªN01-EJA-EM_3ª ETAPA_PIPAT_INEP32017243_4891_2024/1;PROJETO INTEGRADOR DE PESQUISA E ARTICULAÇÃO COM O TERRITÓRIO;6622
609;EEEFMDREDWARDABREUDONASCIMENTO_7ªN01-EJA-EF_7ª ETAPA_PIPAT_INEP32017243_1078_2024/1;PROJETO INTEGRADOR DE PESQUISA E ARTICULAÇÃO COM O TERRITÓRIO;6622
610;EEEFMDREDWARDABREUDONASCIMENTO_8ªN01-EJA-EF_8ª ETAPA_PIPAT_INEP32017243_452_2024/1;PROJETO INTEGRADOR DE PESQUISA E ARTICULAÇÃO COM O TERRITÓRIO;6622
611;EEEFMPROFLUIZABASTOSFARIA_1ªN01-EJA-EM_1ª ETAPA_PIPAT_INEP32017529_4179_2024/1;PROJETO INTEGRADOR DE PESQUISA E ARTICULAÇÃO COM O TERRITÓRIO;6622
612;EEEFMAMERICOSILVARES_1ªN01-EJA-EP-AAD_1ª ETAPA_PIPAT_INEP32017952_1002_2024/1;PROJETO INTEGRADOR DE PESQUISA E ARTICULAÇÃO COM O TERRITÓRIO;6622
613;EEEFMAMERICOSILVARES_2ªN01-EJA-EP-AAD_2ª ETAPA_PIPAT_INEP32017952_2246_2024/1;PROJETO INTEGRADOR DE PESQUISA E ARTICULAÇÃO COM O TERRITÓRIO;6622
614;EEEFMAMERICOSILVARES_3ªN01-EJA-EP-AAD_3ª ETAPA_PIPAT_INEP32017952_3369_2024/1;PROJETO INTEGRADOR DE PESQUISA E ARTICULAÇÃO COM O TERRITÓRIO;6622
615;EEEFMAMERICOSILVARES_4ªN01-EJA-EP-AAD_4ª ETAPA_PIPAT_INEP32017952_3911_2024/1;PROJETO INTEGRADOR DE PESQUISA E ARTICULAÇÃO COM O TERRITÓRIO;6622
616;EEEFMAMERICOSILVARES_7ªN01-EJA-EF_7ª ETAPA_PIPAT_INEP32017952_5246_2024/1;PROJETO INTEGRADOR DE PESQUISA E ARTICULAÇÃO COM O TERRITÓRIO;6622
617;EEEFMAMERICOSILVARES_8ªN01-EJA-EF_8ª ETAPA_PIPAT_INEP32017952_5593_2024/1;PROJETO INTEGRADOR DE PESQUISA E ARTICULAÇÃO COM O TERRITÓRIO;6622
618;EEEFMCORREGODESANTAMARIA_1ªN01-EJA-EM_1ª ETAPA_PIPAT_INEP32019050_3430_2024/1;PROJETO INTEGRADOR DE PESQUISA E ARTICULAÇÃO COM O TERRITÓRIO;6622
619;EEEFMCORREGODESANTAMARIA_2ªN01-EJA-EM_2ª ETAPA_PIPAT_INEP32019050_3965_2024/1;PROJETO INTEGRADOR DE PESQUISA E ARTICULAÇÃO COM O TERRITÓRIO;6622
620;EEEFMCORREGODESANTAMARIA_3ªN01-EJA-EM_3ª ETAPA_PIPAT_INEP32019050_4440_2024/1;PROJETO INTEGRADOR DE PESQUISA E ARTICULAÇÃO COM O TERRITÓRIO;6622
621;EEEFMNESTORGOMES_1ªN01-EM_EO_INEP32019459_2490_2024;ESTUDO ORIENTADO;6622
622;EEEFMNESTORGOMES_1ªN01-EM_PROINPAC_INEP32019459_2490_2024;;6622
623;EEEFMNESTORGOMES_1ªN01-EM_PV_INEP32019459_2490_2024;PROJETO DE VIDA;6622
624;EEEFMNESTORGOMES_2ªN01-EM_PROINPAC_INEP32019459_3060_2024;;6622
625;EEEFMNESTORGOMES_3ªN01-EJA-EM_3ª ETAPA_PIPAT_INEP32019459_1887_2024/1;PROJETO INTEGRADOR DE PESQUISA E ARTICULAÇÃO COM O TERRITÓRIO;6622
626;EEEFMNESTORGOMES_3ªN01-EM_PROINPAC_INEP32019459_626_2024;;6622
627;EEEFMPIOXII_1ªN01-EJA-EM_1ª ETAPA_PIPAT_INEP32018061_3085_2024/1;PROJETO INTEGRADOR DE PESQUISA E ARTICULAÇÃO COM O TERRITÓRIO;6622
628;EEEFMPIOXII_2ªN01-EJA-EM_2ª ETAPA_PIPAT_INEP32018061_4144_2024/1;PROJETO INTEGRADOR DE PESQUISA E ARTICULAÇÃO COM O TERRITÓRIO;6622
629;EEEFMPIOXII_3ªN01-EJA-EM_3ª ETAPA_PIPAT_INEP32018061_5028_2024/1;PROJETO INTEGRADOR DE PESQUISA E ARTICULAÇÃO COM O TERRITÓRIO;6622
630;EEEFMSANTOANTONIO_1ªN01-EJA-EM_1ª ETAPA_PIPAT_INEP32018096_2008_2024/1;PROJETO INTEGRADOR DE PESQUISA E ARTICULAÇÃO COM O TERRITÓRIO;6622
631;EEEFMSANTOANTONIO_2ªN01-EJA-EM_2ª ETAPA_PIPAT_INEP32018096_5088_2024/1;PROJETO INTEGRADOR DE PESQUISA E ARTICULAÇÃO COM O TERRITÓRIO;6622
632;EEEFMSANTOANTONIO_3ªM01-EJA-EM_3ª ETAPA_PVI1_INEP32018096_6245_2024/1;PRÁTICAS E VIVÊNCIAS INTEGRADORAS I;6622
633;EEEFMSANTOANTONIO_3ªM01-EJA-EM_3ª ETAPA_PVI2_INEP32018096_6245_2024/1;PRÁTICAS E VIVÊNCIAS INTEGRADORAS II;6622
634;EEEFMSANTOANTONIO_3ªN01-EJA-EM_3ª ETAPA_PIPAT_INEP32018096_4687_2024/1;PROJETO INTEGRADOR DE PESQUISA E ARTICULAÇÃO COM O TERRITÓRIO;6622
635;EEEFMSANTOANTONIO_3ªN01-EJA-EM-AAD_3ª ETAPA_PIPAT_INEP32018096_3720_2024/1;PROJETO INTEGRADOR DE PESQUISA E ARTICULAÇÃO COM O TERRITÓRIO;6622
636;EEEFMSANTOANTONIO_4ªN01-EJA-EM-AAD_4ª ETAPA_PIPAT_INEP32018096_4227_2024/1;PROJETO INTEGRADOR DE PESQUISA E ARTICULAÇÃO COM O TERRITÓRIO;6622
637;EEEFMWALLACECASTELLODUTRA_1ªN1EPOUT_1ª ETAPA_PIPAT_INEP32078722_4718_2024/1;PROJETO INTEGRADOR DE PESQUISA E ARTICULAÇÃO COM O TERRITÓRIO;6622
638;EEEFMWALLACECASTELLODUTRA_1ªN01-EM_EO_INEP32078722_5115_2024;ESTUDO ORIENTADO;6622
639;EEEFMWALLACECASTELLODUTRA_1ªN01-EM_PROINPAC_INEP32078722_5115_2024;;6622
640;EEEFMWALLACECASTELLODUTRA_1ªN01-EM_PV_INEP32078722_5115_2024;PROJETO DE VIDA;6622
641;EEEFMWALLACECASTELLODUTRA_2ªN1EPOUT_2ª ETAPA_PIPAT_INEP32078722_4264_2024/1;PROJETO INTEGRADOR DE PESQUISA E ARTICULAÇÃO COM O TERRITÓRIO;6622
642;EEEFMWALLACECASTELLODUTRA_2ªN01-EM_PROINPAC_INEP32078722_5489_2024;;6622
643;EEEFMWALLACECASTELLODUTRA_3ªN1EPOUT_3ª ETAPA_PIPAT_INEP32078722_3769_2024/1;PROJETO INTEGRADOR DE PESQUISA E ARTICULAÇÃO COM O TERRITÓRIO;6622
644;EEEFMWALLACECASTELLODUTRA_3ªN01-EM_PROINPAC_INEP32078722_5795_2024;;6622
645;EEEFMWALLACECASTELLODUTRA_4ªN1EPOUT_4ª ETAPA_PIPAT_INEP32078722_2062_2024/1;PROJETO INTEGRADOR DE PESQUISA E ARTICULAÇÃO COM O TERRITÓRIO;6622
646;EEEMCECILIANOABELDEALMEIDA_1ªN01-EJA-EP-MAS_1ª ETAPA_PIPAT_INEP32018169_5505_2024/1;PROJETO INTEGRADOR DE PESQUISA E ARTICULAÇÃO COM O TERRITÓRIO;6622
647;EEEMCECILIANOABELDEALMEIDA_1ªN01-EM_EO_INEP32018169_1450_2024;ESTUDO ORIENTADO;6622
648;EEEMCECILIANOABELDEALMEIDA_1ªN01-EM_PROINPAC_INEP32018169_1450_2024;;6622
649;EEEMCECILIANOABELDEALMEIDA_1ªN01-EM_PV_INEP32018169_1450_2024;PROJETO DE VIDA;6622
650;EEEMCECILIANOABELDEALMEIDA_1ªN02-EM_EO_INEP32018169_5133_2024;ESTUDO ORIENTADO;6622
651;EEEMCECILIANOABELDEALMEIDA_1ªN02-EM_PROINPAC_INEP32018169_5133_2024;;6622
652;EEEMCECILIANOABELDEALMEIDA_1ªN02-EM_PV_INEP32018169_5133_2024;PROJETO DE VIDA;6622
653;EEEMCECILIANOABELDEALMEIDA_2ªN01-EJA-EP-MAS_2ª ETAPA_PIPAT_INEP32018169_6432_2024/1;PROJETO INTEGRADOR DE PESQUISA E ARTICULAÇÃO COM O TERRITÓRIO;6622
654;EEEMCECILIANOABELDEALMEIDA_2ªN01-EM-ASP_PROINPAC_INEP32018169_3789_2024;;6622
655;EEEMCECILIANOABELDEALMEIDA_2ªN02-EM-TVC_PROINPAC_INEP32018169_4282_2024;;6622
656;EEEMCECILIANOABELDEALMEIDA_2ªN03-EM-EFF_PROINPAC_INEP32018169_4736_2024;;6622
657;EEEMCECILIANOABELDEALMEIDA_3ªN01-EJA-EP-MAS_3ª ETAPA_PIPAT_INEP32018169_6646_2024/1;PROJETO INTEGRADOR DE PESQUISA E ARTICULAÇÃO COM O TERRITÓRIO;6622
658;EEEMCECILIANOABELDEALMEIDA_3ªN01-EM-ASP_PROINPAC_INEP32018169_2083_2024;;6622
659;EEEMCECILIANOABELDEALMEIDA_3ªN02-EM-EFF_PROINPAC_INEP32018169_2676_2024;;6622
660;EEEMCECILIANOABELDEALMEIDA_3ªN03-EM-TVC_PROINPAC_INEP32018169_3238_2024;;6622
661;EEEMCECILIANOABELDEALMEIDA_4ªN01-EJA-EP-MAS_4ª ETAPA_PIPAT_INEP32018169_811_2024/1;PROJETO INTEGRADOR DE PESQUISA E ARTICULAÇÃO COM O TERRITÓRIO;6622
662;EEEFMCAMILAMOTTA_1ªN01-EJA-EM_1ª ETAPA_PVI1_INEP32041756_2289_2024/1;PRÁTICAS E VIVÊNCIAS INTEGRADORAS I;6622
663;EEEFMCAMILAMOTTA_1ªN01-EJA-EM_1ª ETAPA_PVI2_INEP32041756_2289_2024/1;PRÁTICAS E VIVÊNCIAS INTEGRADORAS II;6622
664;EEEFMCAMILAMOTTA_1ªN01-EM_EO_INEP32041756_6874_2024;ESTUDO ORIENTADO;6622
665;EEEFMCAMILAMOTTA_1ªN01-EM_PROINPAC_INEP32041756_6874_2024;;6622
666;EEEFMCAMILAMOTTA_1ªN01-EM_PV_INEP32041756_6874_2024;PROJETO DE VIDA;6622
667;EEEFMCAMILAMOTTA_2ªN01-EM-NAR_PROINPAC_INEP32041756_6875_2024;;6622
668;EEEFMCAMILAMOTTA_3ªN01-EJA-EM_3ª ETAPA_PIPAT_INEP32041756_1667_2024/1;PROJETO INTEGRADOR DE PESQUISA E ARTICULAÇÃO COM O TERRITÓRIO;6622
669;EEEFMCAMILAMOTTA_3ªN01-EM-NAR_PROINPAC_INEP32041756_6876_2024;;6622
670;EEEFMCAMILAMOTTA_5ªN01-EJA-EF_5ª ETAPA_PIPAT_INEP32041756_3949_2024/1;PROJETO INTEGRADOR DE PESQUISA E ARTICULAÇÃO COM O TERRITÓRIO;6622
671;EEEFMCAMILAMOTTA_7ªN01-EJA-EF_7ª ETAPA_PIPAT_INEP32041756_1049_2024/1;PROJETO INTEGRADOR DE PESQUISA E ARTICULAÇÃO COM O TERRITÓRIO;6622
672;EEEFMCORONELGOMESDEOLIVEIRA_1ªN01-EJA-EM_1ª ETAPA_PIPAT_INEP32042647_7031_2024/1;PROJETO INTEGRADOR DE PESQUISA E ARTICULAÇÃO COM O TERRITÓRIO;6622
673;EEEFMCORONELGOMESDEOLIVEIRA_1ªN01-EM_EO_INEP32042647_7106_2024;ESTUDO ORIENTADO;6622
674;EEEFMCORONELGOMESDEOLIVEIRA_1ªN01-EM_PROINPAC_INEP32042647_7106_2024;;6622
675;EEEFMCORONELGOMESDEOLIVEIRA_1ªN01-EM_PV_INEP32042647_7106_2024;PROJETO DE VIDA;6622
676;EEEFMCORONELGOMESDEOLIVEIRA_2ªN01-EJA-EM_2ª ETAPA_PIPAT_INEP32042647_7047_2024/1;PROJETO INTEGRADOR DE PESQUISA E ARTICULAÇÃO COM O TERRITÓRIO;6622
677;EEEFMCORONELGOMESDEOLIVEIRA_2ªN01-EM-EFF_PROINPAC_INEP32042647_7112_2024;;6622
678;EEEFMCORONELGOMESDEOLIVEIRA_2ªN02-EM-EFF_PROINPAC_INEP32042647_7493_2024;;6622
679;EEEFMCORONELGOMESDEOLIVEIRA_3ªN01-EJA-EM_3ª ETAPA_PIPAT_INEP32042647_7063_2024/1;PROJETO INTEGRADOR DE PESQUISA E ARTICULAÇÃO COM O TERRITÓRIO;6622
680;EEEFMCORONELGOMESDEOLIVEIRA_3ªN01-EM-EFF_PROINPAC_INEP32042647_7494_2024;;6622
681;EEEFMLEANDROESCOBAR_1ªN01-EJA-EM_1ª ETAPA_PIPAT_INEP32043546_1830_2024/1;PROJETO INTEGRADOR DE PESQUISA E ARTICULAÇÃO COM O TERRITÓRIO;6622
682;EEEFMLEANDROESCOBAR_1ªN02-EJA-EM_1ª ETAPA_PIPAT_INEP32043546_3561_2024/1;PROJETO INTEGRADOR DE PESQUISA E ARTICULAÇÃO COM O TERRITÓRIO;6622
683;EEEFMLEANDROESCOBAR_2ªN01-EJA-EM_2ª ETAPA_PIPAT_INEP32043546_2440_2024/1;PROJETO INTEGRADOR DE PESQUISA E ARTICULAÇÃO COM O TERRITÓRIO;6622
684;EEEFMLEANDROESCOBAR_2ªN02-EJA-EM_2ª ETAPA_PIPAT_INEP32043546_3010_2024/1;PROJETO INTEGRADOR DE PESQUISA E ARTICULAÇÃO COM O TERRITÓRIO;6622
685;EEEFMLEANDROESCOBAR_3ªN01-EJA-EM_3ª ETAPA_PIPAT_INEP32043546_581_2024/1;PROJETO INTEGRADOR DE PESQUISA E ARTICULAÇÃO COM O TERRITÓRIO;6622
686;EEEFMLEANDROESCOBAR_3ªN02-EJA-EM_3ª ETAPA_PIPAT_INEP32043546_1212_2024/1;PROJETO INTEGRADOR DE PESQUISA E ARTICULAÇÃO COM O TERRITÓRIO;6622
687;EEEFMMANOELROZINDODASILVA_1ªN01-EJA-AAD_1ª ETAPA_PIPAT_INEP32043554_6914_2024/1;PROJETO INTEGRADOR DE PESQUISA E ARTICULAÇÃO COM O TERRITÓRIO;6622
688;EEEFMMANOELROZINDODASILVA_2ªN01-EJA-AAD_2ª ETAPA_PIPAT_INEP32043554_5180_2024/1;PROJETO INTEGRADOR DE PESQUISA E ARTICULAÇÃO COM O TERRITÓRIO;6622
689;EEEFMMANOELROZINDODASILVA_3ªN01-EJA-EM_3ª ETAPA_PIPAT_INEP32043554_6784_2024/1;PROJETO INTEGRADOR DE PESQUISA E ARTICULAÇÃO COM O TERRITÓRIO;6622
690;EEEFMMANOELROZINDODASILVA_7ªN01-EJA-EF_7ª ETAPA_PIPAT_INEP32043554_6899_2024/1;PROJETO INTEGRADOR DE PESQUISA E ARTICULAÇÃO COM O TERRITÓRIO;6622
691;EEEFMMANOELROZINDODASILVA_8ªN01-EJA-EF_8ª ETAPA_PIPAT_INEP32043554_6882_2024/1;PROJETO INTEGRADOR DE PESQUISA E ARTICULAÇÃO COM O TERRITÓRIO;6622
692;EEEFMZENOBIALEAO_1ªN1EPOUT_1ª ETAPA_PIPAT_INEP32043651_798_2024/1;PROJETO INTEGRADOR DE PESQUISA E ARTICULAÇÃO COM O TERRITÓRIO;6622
693;EEEFMZENOBIALEAO_1ªN01-EM_EO_INEP32043651_3776_2024;ESTUDO ORIENTADO;6622
694;EEEFMZENOBIALEAO_1ªN01-EM_PROINPAC_INEP32043651_3776_2024;;6622
695;EEEFMZENOBIALEAO_1ªN01-EM_PV_INEP32043651_3776_2024;PROJETO DE VIDA;6622
696;EEEFMZENOBIALEAO_2ªM01EJA-EM_2ª ETAPA_PVI1_INEP32043651_4270_2024/1;PRÁTICAS E VIVÊNCIAS INTEGRADORAS I;6622
697;EEEFMZENOBIALEAO_2ªM01EJA-EM_2ª ETAPA_PVI2_INEP32043651_4270_2024/1;PRÁTICAS E VIVÊNCIAS INTEGRADORAS II;6622
698;EEEFMZENOBIALEAO_2ªN1EPOUT_2ª ETAPA_PIPAT_INEP32043651_3282_2024/1;PROJETO INTEGRADOR DE PESQUISA E ARTICULAÇÃO COM O TERRITÓRIO;6622
699;EEEFMZENOBIALEAO_2ªN01-EM_PROINPAC_INEP32043651_2069_2024;;6622
700;EEEFMZENOBIALEAO_3ªM01EJA-EM_3ª ETAPA_PVI1_INEP32043651_5799_2024/1;PRÁTICAS E VIVÊNCIAS INTEGRADORAS I;6622
701;EEEFMZENOBIALEAO_3ªM01EJA-EM_3ª ETAPA_PVI2_INEP32043651_5799_2024/1;PRÁTICAS E VIVÊNCIAS INTEGRADORAS II;6622
702;EEEFMZENOBIALEAO_3ªN1EPOUT_3ª ETAPA_PIPAT_INEP32043651_4725_2024/1;PROJETO INTEGRADOR DE PESQUISA E ARTICULAÇÃO COM O TERRITÓRIO;6622
703;EEEFMZENOBIALEAO_3ªN01-EM_PROINPAC_INEP32043651_2664_2024;;6622
704;EEEFMZENOBIALEAO_4ªN1EPOUT_4ª ETAPA_PIPAT_INEP32043651_5494_2024/1;PROJETO INTEGRADOR DE PESQUISA E ARTICULAÇÃO COM O TERRITÓRIO;6622
705;EEEMDRSILVAMELLO_1ªN01-EJA-EM_1ª ETAPA_PIPAT_INEP32043686_824_2024/1;PROJETO INTEGRADOR DE PESQUISA E ARTICULAÇÃO COM O TERRITÓRIO;6622
706;EEEMDRSILVAMELLO_1ªN02-EJA-EM_1ª ETAPA_PIPAT_INEP32043686_1464_2024/1;PROJETO INTEGRADOR DE PESQUISA E ARTICULAÇÃO COM O TERRITÓRIO;6622
707;EEEMDRSILVAMELLO_2ªN01-EJA-EM_2ª ETAPA_PIPAT_INEP32043686_2097_2024/1;PROJETO INTEGRADOR DE PESQUISA E ARTICULAÇÃO COM O TERRITÓRIO;6622
708;EEEMDRSILVAMELLO_2ªN02-EJA-EM_2ª ETAPA_PIPAT_INEP32043686_2689_2024/1;PROJETO INTEGRADOR DE PESQUISA E ARTICULAÇÃO COM O TERRITÓRIO;6622
709;EEEMDRSILVAMELLO_3ªN01-EJA-EM_3ª ETAPA_PIPAT_INEP32043686_3251_2024/1;PROJETO INTEGRADOR DE PESQUISA E ARTICULAÇÃO COM O TERRITÓRIO;6622
710;EEEMDRSILVAMELLO_3ªN02-EJA-EM_3ª ETAPA_PIPAT_INEP32043686_3802_2024/1;PROJETO INTEGRADOR DE PESQUISA E ARTICULAÇÃO COM O TERRITÓRIO;6622
711;EEEFMPROFESSORAFILOMENAQUITIBA_1ªN01-EJA-EM_1ª ETAPA_PIPAT_INEP32044747_1355_2024/1;PROJETO INTEGRADOR DE PESQUISA E ARTICULAÇÃO COM O TERRITÓRIO;6622
712;EEEFMPROFESSORAFILOMENAQUITIBA_1ªN01-EM_EO_INEP32044747_6234_2024;ESTUDO ORIENTADO;6622
713;EEEFMPROFESSORAFILOMENAQUITIBA_1ªN01-EM_PROINPAC_INEP32044747_6234_2024;;6622
714;EEEFMPROFESSORAFILOMENAQUITIBA_1ªN01-EM_PV_INEP32044747_6234_2024;PROJETO DE VIDA;6622
715;EEEFMPROFESSORAFILOMENAQUITIBA_2ªN01EJA-EM_2ª ETAPA_PIPAT_INEP32044747_1984_2024/1;PROJETO INTEGRADOR DE PESQUISA E ARTICULAÇÃO COM O TERRITÓRIO;6622
716;EEEFMPROFESSORAFILOMENAQUITIBA_2ªN01-EM_PROINPAC_INEP32044747_6028_2024;;6622
717;EEEFMPROFESSORAFILOMENAQUITIBA_3ªN01EJA-EM_3ª ETAPA_PIPAT_INEP32044747_2582_2024/1;PROJETO INTEGRADOR DE PESQUISA E ARTICULAÇÃO COM O TERRITÓRIO;6622
718;EEEFMPROFESSORAFILOMENAQUITIBA_3ªN01-EM_PROINPAC_INEP32044747_5762_2024;;6622
719;CEEFMTIPASTOROLIVEIRADEARAUJO_1ªN01-EJA-EM_1ª ETAPA_PIPAT_INEP32081634_290_2024/1;PROJETO INTEGRADOR DE PESQUISA E ARTICULAÇÃO COM O TERRITÓRIO;6622
720;CEEFMTIPASTOROLIVEIRADEARAUJO_2ªN01-EJA-EM_2ª ETAPA_PIPAT_INEP32081634_916_2024/1;PROJETO INTEGRADOR DE PESQUISA E ARTICULAÇÃO COM O TERRITÓRIO;6622
721;CEEFMTIPASTOROLIVEIRADEARAUJO_3ªN01-EJA-EM_3ª ETAPA_PIPAT_INEP32081634_1532_2024/1;PROJETO INTEGRADOR DE PESQUISA E ARTICULAÇÃO COM O TERRITÓRIO;6622
722;CEEFMTIPROFMAURAABAURRE_1ªN01-EJA-EM_1ª ETAPA_PIPAT_INEP32039417_292_2024/1;PROJETO INTEGRADOR DE PESQUISA E ARTICULAÇÃO COM O TERRITÓRIO;6622
723;CEEFMTIPROFMAURAABAURRE_2ªN01-EJA-EM_2ª ETAPA_PIPAT_INEP32039417_2163_2024/1;PROJETO INTEGRADOR DE PESQUISA E ARTICULAÇÃO COM O TERRITÓRIO;6622
724;CEEFMTIPROFMAURAABAURRE_3ªN01-EJA-EM_3ª ETAPA_PIPAT_INEP32039417_3855_2024/1;PROJETO INTEGRADOR DE PESQUISA E ARTICULAÇÃO COM O TERRITÓRIO;6622
725;EEEFMADOLFINAZAMPROGNO_1ªN01-EJA-EM_1ª ETAPA_PIPAT_INEP32038852_361_2024/1;PROJETO INTEGRADOR DE PESQUISA E ARTICULAÇÃO COM O TERRITÓRIO;6622
726;EEEFMADOLFINAZAMPROGNO_1ªN01-EJA-EP-ALG_1ª ETAPA_PIPAT_INEP32038852_983_2024/1;PROJETO INTEGRADOR DE PESQUISA E ARTICULAÇÃO COM O TERRITÓRIO;6622
727;EEEFMADOLFINAZAMPROGNO_2ªM01-EJA-EM_2ª ETAPA_PVI1_INEP32038852_5230_2024/1;PRÁTICAS E VIVÊNCIAS INTEGRADORAS I;6622
728;EEEFMADOLFINAZAMPROGNO_2ªM01-EJA-EM_2ª ETAPA_PVI2_INEP32038852_5230_2024/1;PRÁTICAS E VIVÊNCIAS INTEGRADORAS II;6622
729;EEEFMADOLFINAZAMPROGNO_2ªN01-EJA-EM_2ª ETAPA_PIPAT_INEP32038852_1602_2024/1;PROJETO INTEGRADOR DE PESQUISA E ARTICULAÇÃO COM O TERRITÓRIO;6622
730;EEEFMADOLFINAZAMPROGNO_2ªN02-EJA-EM_2ª ETAPA_PIPAT_INEP32038852_2227_2024/1;PROJETO INTEGRADOR DE PESQUISA E ARTICULAÇÃO COM O TERRITÓRIO;6622
731;EEEFMADOLFINAZAMPROGNO_3ªN01-EJA-EM_3ª ETAPA_PIPAT_INEP32038852_2800_2024/1;PROJETO INTEGRADOR DE PESQUISA E ARTICULAÇÃO COM O TERRITÓRIO;6622
732;EEEFMADOLFINAZAMPROGNO_3ªN02-EJA-EM_3ª ETAPA_PIPAT_INEP32038852_3351_2024/1;PROJETO INTEGRADOR DE PESQUISA E ARTICULAÇÃO COM O TERRITÓRIO;6622
733;EEEFMAGENORDESOUZALE_1ªN01-EM_EO_INEP32038488_79_2024;ESTUDO ORIENTADO;6622
734;EEEFMAGENORDESOUZALE_1ªN01-EM_PROINPAC_INEP32038488_79_2024;;6622
735;EEEFMAGENORDESOUZALE_1ªN01-EM_PV_INEP32038488_79_2024;PROJETO DE VIDA;6622
736;EEEFMAGENORDESOUZALE_1ªN02-EM_EO_INEP32038488_229_2024;ESTUDO ORIENTADO;6622
737;EEEFMAGENORDESOUZALE_1ªN02-EM_PROINPAC_INEP32038488_229_2024;;6622
738;EEEFMAGENORDESOUZALE_1ªN02-EM_PV_INEP32038488_229_2024;PROJETO DE VIDA;6622
739;EEEFMAGENORDESOUZALE_2ªN01-EJA-EM_2ª ETAPA_PIPAT_INEP32038488_9_2024/1;PROJETO INTEGRADOR DE PESQUISA E ARTICULAÇÃO COM O TERRITÓRIO;6622
740;EEEFMAGENORDESOUZALE_2ªN01-EM-NAR_PROINPAC_INEP32038488_98_2024;;6622
741;EEEFMAGENORDESOUZALE_3ªN01-EJA-EM_3ª ETAPA_PIPAT_INEP32038488_186_2024/1;PROJETO INTEGRADOR DE PESQUISA E ARTICULAÇÃO COM O TERRITÓRIO;6622
742;EEEFMAGENORDESOUZALE_3ªN02-EJA-EM_3ª ETAPA_PIPAT_INEP32038488_202_2024/1;PROJETO INTEGRADOR DE PESQUISA E ARTICULAÇÃO COM O TERRITÓRIO;6622
743;EEEFMAGENORDESOUZALE_3ªN01-EM-NAR_PROINPAC_INEP32038488_60_2024;;6622
744;EEEFMAGENORDESOUZALE_3ªN02-EM_PROINPAC_INEP32038488_117_2024;;6622
745;EEEFMCATHARINACHEQUER_2ªN01-EJA-EP-ASM_2ª ETAPA_PIPAT_INEP32039387_206_2024/1;PROJETO INTEGRADOR DE PESQUISA E ARTICULAÇÃO COM O TERRITÓRIO;6622
746;EEEFMCATHARINACHEQUER_3ªN01-EJA-EM_3ª ETAPA_PIPAT_INEP32039387_175_2024/1;PROJETO INTEGRADOR DE PESQUISA E ARTICULAÇÃO COM O TERRITÓRIO;6622
747;EEEFMFLORENTINOAVIDOS_2ªM01-EJA-EM_2ª ETAPA_PVI1_INEP32039409_6975_2024/1;PRÁTICAS E VIVÊNCIAS INTEGRADORAS I;6622
748;EEEFMFLORENTINOAVIDOS_2ªM01-EJA-EM_2ª ETAPA_PVI2_INEP32039409_6975_2024/1;PRÁTICAS E VIVÊNCIAS INTEGRADORAS II;6622
749;EEEFMJUDITHDASILVAGOESCOUTINHO_2ªN01-EJA-EM-ALG_2ª ETAPA_PIPAT_INEP32039603_7436_2024/1;PROJETO INTEGRADOR DE PESQUISA E ARTICULAÇÃO COM O TERRITÓRIO;6622
750;EEEFMJUDITHDASILVAGOESCOUTINHO_3ªN01-EJA-EM_3ª ETAPA_PIPAT_INEP32039603_6967_2024/1;PROJETO INTEGRADOR DE PESQUISA E ARTICULAÇÃO COM O TERRITÓRIO;6622
751;EEEFMMARCILIODIAS_1ªN01-EJA-EM_1ª ETAPA_PIPAT_INEP32039565_2455_2024/1;PROJETO INTEGRADOR DE PESQUISA E ARTICULAÇÃO COM O TERRITÓRIO;6622
752;EEEFMMARCILIODIAS_2ªN01-EJA-EM_2ª ETAPA_PIPAT_INEP32039565_1849_2024/1;PROJETO INTEGRADOR DE PESQUISA E ARTICULAÇÃO COM O TERRITÓRIO;6622
753;EEEFMMARCILIODIAS_3ªN01-EJA-EM_3ª ETAPA_PIPAT_INEP32039565_3027_2024/1;PROJETO INTEGRADOR DE PESQUISA E ARTICULAÇÃO COM O TERRITÓRIO;6622
754;EEEFMSILVIOROCIO_2ªN01-EJA-EM-ARH_2ª ETAPA_PIPAT_INEP32039883_1401_2024/1;PROJETO INTEGRADOR DE PESQUISA E ARTICULAÇÃO COM O TERRITÓRIO;6622
755;EEEFMSILVIOROCIO_3ªN01-EJA-EM-ARH_3ª ETAPA_PIPAT_INEP32039883_3195_2024/1;PROJETO INTEGRADOR DE PESQUISA E ARTICULAÇÃO COM O TERRITÓRIO;6622
756;EEEFMSILVIOROCIO_4ªN01-EJA-EM-ARH_4ª ETAPA_PIPAT_INEP32039883_2032_2024/1;PROJETO INTEGRADOR DE PESQUISA E ARTICULAÇÃO COM O TERRITÓRIO;6622
757;EEEFMTERRAVERMELHA_1ªN01-EJA-EP-AAD_1ª ETAPA_PIPAT_INEP32038461_6871_2024/1;PROJETO INTEGRADOR DE PESQUISA E ARTICULAÇÃO COM O TERRITÓRIO;6622
758;EEEFMTERRAVERMELHA_1ªN02-EJA-EP-AAD_1ª ETAPA_PIPAT_INEP32038461_6887_2024/1;PROJETO INTEGRADOR DE PESQUISA E ARTICULAÇÃO COM O TERRITÓRIO;6622
759;EEEFMTERRAVERMELHA_1ªN03-EJA-EP-AAD_1ª ETAPA_PIPAT_INEP32038461_6904_2024/1;PROJETO INTEGRADOR DE PESQUISA E ARTICULAÇÃO COM O TERRITÓRIO;6622
760;EEEFMTERRAVERMELHA_2ªN01-EJA-EP-AAD_2ª ETAPA_PIPAT_INEP32038461_5788_2024/1;PROJETO INTEGRADOR DE PESQUISA E ARTICULAÇÃO COM O TERRITÓRIO;6622
761;EEEFMTERRAVERMELHA_2ªN02-EJA-EP-AAD_2ª ETAPA_PIPAT_INEP32038461_6789_2024/1;PROJETO INTEGRADOR DE PESQUISA E ARTICULAÇÃO COM O TERRITÓRIO;6622
762;EEEFMTERRAVERMELHA_3ªN01-EJA-EP-AAD_3ª ETAPA_PIPAT_INEP32038461_5185_2024/1;PROJETO INTEGRADOR DE PESQUISA E ARTICULAÇÃO COM O TERRITÓRIO;6622
763;EEEFMTERRAVERMELHA_3ªN02-EJA-EP-AAD_3ª ETAPA_PIPAT_INEP32038461_5480_2024/1;PROJETO INTEGRADOR DE PESQUISA E ARTICULAÇÃO COM O TERRITÓRIO;6622
764;EEEFMTERRAVERMELHA_4ªN01-EJA-EP-AAD_4ª ETAPA_PIPAT_INEP32038461_6919_2024/1;PROJETO INTEGRADOR DE PESQUISA E ARTICULAÇÃO COM O TERRITÓRIO;6622
765;EEEFMTERRAVERMELHA_4ªN02-EJA-EP-AAD_4ª ETAPA_PIPAT_INEP32038461_6932_2024/1;PROJETO INTEGRADOR DE PESQUISA E ARTICULAÇÃO COM O TERRITÓRIO;6622
766;EEEFMTERRAVERMELHA_4ªN03-EJA-EP-AAD_4ª ETAPA_PIPAT_INEP32038461_6942_2024/1;PROJETO INTEGRADOR DE PESQUISA E ARTICULAÇÃO COM O TERRITÓRIO;6622
767;EEEMBENICIOGONCALVES_1ªN01-EJA-EM_1ª ETAPA_PIPAT_INEP32039085_7186_2024/1;PROJETO INTEGRADOR DE PESQUISA E ARTICULAÇÃO COM O TERRITÓRIO;6622
768;EEEMBENICIOGONCALVES_2ªN01-EJA-EM_2ª ETAPA_PIPAT_INEP32039085_5808_2024/1;PROJETO INTEGRADOR DE PESQUISA E ARTICULAÇÃO COM O TERRITÓRIO;6622
769;EEEMBENICIOGONCALVES_3ªM01-EJA-EM_3ª ETAPA_PVI1_INEP32039085_5807_2024/1;PRÁTICAS E VIVÊNCIAS INTEGRADORAS I;6622
770;EEEMBENICIOGONCALVES_3ªM01-EJA-EM_3ª ETAPA_PVI2_INEP32039085_5807_2024/1;PRÁTICAS E VIVÊNCIAS INTEGRADORAS II;6622
771;EEEMBENICIOGONCALVES_3ªN01-EJA-EM_3ª ETAPA_PIPAT_INEP32039085_6064_2024/1;PROJETO INTEGRADOR DE PESQUISA E ARTICULAÇÃO COM O TERRITÓRIO;6622
772;EEEMGODOFREDOSCHNEIDER_1ªN01-EJA-EM_1ª ETAPA_PIPAT_INEP32038755_831_2024/1;PROJETO INTEGRADOR DE PESQUISA E ARTICULAÇÃO COM O TERRITÓRIO;6622
773;EEEMGODOFREDOSCHNEIDER_2ªN01-EJA-EM_2ª ETAPA_PIPAT_INEP32038755_2105_2024/1;PROJETO INTEGRADOR DE PESQUISA E ARTICULAÇÃO COM O TERRITÓRIO;6622
774;EEEMGODOFREDOSCHNEIDER_3ªM01-EJA-EM_3ª ETAPA_PVI1_INEP32038755_5823_2024/1;PRÁTICAS E VIVÊNCIAS INTEGRADORAS I;6622
775;EEEMGODOFREDOSCHNEIDER_3ªM01-EJA-EM_3ª ETAPA_PVI2_INEP32038755_5823_2024/1;PRÁTICAS E VIVÊNCIAS INTEGRADORAS II;6622
776;EEEMGODOFREDOSCHNEIDER_3ªN01-EJA-EM_3ª ETAPA_PIPAT_INEP32038755_2695_2024/1;PROJETO INTEGRADOR DE PESQUISA E ARTICULAÇÃO COM O TERRITÓRIO;6622
777;EEEMMARIOGURGEL_1ªN01-EJA-EM_1ª ETAPA_PIPAT_INEP32079230_841_2024/1;PROJETO INTEGRADOR DE PESQUISA E ARTICULAÇÃO COM O TERRITÓRIO;6622
778;EEEMMARIOGURGEL_2ªM01-EJA-EM_2ª ETAPA_PVI1_INEP32079230_3815_2024/1;PRÁTICAS E VIVÊNCIAS INTEGRADORAS I;6622
779;EEEMMARIOGURGEL_2ªM01-EJA-EM_2ª ETAPA_PVI2_INEP32079230_3815_2024/1;PRÁTICAS E VIVÊNCIAS INTEGRADORAS II;6622
780;EEEMMARIOGURGEL_2ªN01-EJA-EM_2ª ETAPA_PIPAT_INEP32079230_1482_2024/1;PROJETO INTEGRADOR DE PESQUISA E ARTICULAÇÃO COM O TERRITÓRIO;6622
781;EEEMMARIOGURGEL_3ªN01-EJA-EM_3ª ETAPA_PIPAT_INEP32079230_2114_2024/1;PROJETO INTEGRADOR DE PESQUISA E ARTICULAÇÃO COM O TERRITÓRIO;6622
